generations,final_size,final_speed,final_carnivore,final_personality,max_size,total_lifespan,avg_reproductions
1,24.662936005741358,3.4987375601484603,False,egoista,24.662936005741358,0.8268191888470044,1.0
1,42.21139721944928,3.439588240437507,True,conservadora,42.21139721944928,2.288319026571193,2.0
1,21.602579925209284,4.785094200389835,True,egoista,21.602579925209284,0.22065678369300545,1.0
2,30.534286581416893,4.530232862365994,True,conservadora,31.248658325523138,12.812647776642972,0.5
1,26.972861915826797,4.1616462136832295,False,egoista,26.972861915826797,2.646491569363899,0.0
1,24.606299314647913,1.080866336164636,True,conservadora,24.606299314647913,0.4543859542124696,0.0
1,14.193835776299238,3.061302389234381,True,egoista,14.193835776299238,0.27438028425440203,1.0
1,23.83960448205471,4.46451404106238,False,egoista,23.83960448205471,1.4646414851890646,0.0
3,21.237652473408243,5.993570640630818,False,egoista,21.237652473408243,9.741279119464489,1.6666666666666667
1,26.385196410119534,3.412123980079923,False,neutral,26.385196410119534,31.311555351670325,1.0
1,15.312338512390852,3.7402307276448297,True,conservadora,15.312338512390852,2.847758101034387,0.0
1,25.592372991144657,3.3502901470385607,False,conservadora,25.592372991144657,0.4709294882034533,2.0
1,23.5541456900537,3.7101729203115497,False,conservadora,23.5541456900537,0.966978132318774,0.0
1,20.875618632882833,4.419276786884588,False,conservadora,20.875618632882833,3.0273162057901826,4.0
2,25.376744451596323,3.2462214864493637,True,neutral,25.376744451596323,5.30715131561099,1.0
1,29.305086079984903,3.2846694969489816,False,egoista,29.305086079984903,1.3433652582747737,0.0
1,24.122391279786825,2.6710059304436626,True,egoista,24.122391279786825,0.6783418255214444,0.0
1,29.50847978144884,2.3803908666562954,False,conservadora,29.50847978144884,3.948408169457754,1.0
1,30.95569035410881,3.943982001146313,False,conservadora,30.95569035410881,0.660414556854463,1.0
3,19.406754336581585,5.09240734310303,False,conservadora,22.531589034944773,9.358451356970065,0.3333333333333333
4,18.222199599027093,1.7691653252197377,False,conservadora,20.452757950872183,10.302626619375125,1.0
1,29.316305123269558,3.4198398678068753,False,conservadora,29.316305123269558,2.1768973227484145,1.0
1,30.246984388679266,2.7408478884483665,True,conservadora,30.246984388679266,0.3681813600702146,0.0
1,23.738884765654802,3.9893195773191326,True,conservadora,23.738884765654802,5.236516569061818,0.0
1,15.839247941970825,5.229221986415226,False,egoista,15.839247941970825,11.36505795196753,0.0
1,22.117373436689377,3.43981984608219,False,neutral,22.117373436689377,0.30069367479920595,1.0
3,20.81828290894584,2.458820140704958,False,conservadora,25.838984671980143,16.232489885081492,1.0
1,19.399711471050978,4.143071188916854,False,neutral,19.399711471050978,1.6178087631912075,0.0
1,32.39358386024833,3.7596318344366058,False,neutral,32.39358386024833,13.455249753252167,0.0
1,28.908338144421577,3.227245614180147,True,conservadora,28.908338144421577,0.9882372737252283,0.0
1,22.180712778121233,1.793126107969649,False,neutral,22.180712778121233,1.201216720648986,0.0
1,32.731192514300346,3.386472284056681,False,egoista,32.731192514300346,0.3509840195333205,0.0
1,13.257146410644054,2.4555715644072884,False,conservadora,13.257146410644054,11.94491842987086,0.0
1,26.033328626304865,2.3825050117339193,False,conservadora,26.033328626304865,1.9468336406473767,0.0
1,20.511786449700594,4.057185525751057,False,conservadora,20.511786449700594,10.383266002294047,0.0
1,17.404535822570324,4.080694646193015,True,conservadora,17.404535822570324,4.939726740551708,0.0
1,23.220210272818804,1.933027668595631,True,egoista,23.220210272818804,0.9027867433202158,2.0
1,36.54000838473439,5.0866004245358845,False,neutral,36.54000838473439,2.083801331393072,1.0
1,26.7908033169806,3.0016081115523074,False,conservadora,26.7908033169806,5.76966346652814,0.0
1,12.503165498375893,2.5584161874951965,False,conservadora,12.503165498375893,0.20000495780933228,0.0
3,15.53038766151188,2.8470793844506925,False,egoista,16.316808471785883,5.574698922166751,0.6666666666666666
2,34.63788822738479,2.4960183958081896,True,neutral,34.63788822738479,11.261820777759214,1.5
1,27.753271467983723,2.2939019730990333,False,egoista,27.753271467983723,2.997960544530675,1.0
1,34.27166763320565,2.257780865515186,False,egoista,34.27166763320565,6.810554376004735,1.0
1,28.331366304308176,2.094828536546239,True,neutral,28.331366304308176,5.781478182965342,0.0
1,23.484503135085106,4.3101742126000575,False,egoista,23.484503135085106,7.149041158472354,1.0
3,19.089149988003545,3.152608149675817,False,egoista,19.089149988003545,24.456964581739655,1.3333333333333333
1,24.361589942127466,3.8152075181512277,False,neutral,24.361589942127466,8.452470666056755,2.0
2,31.04217359097986,3.8837175084981785,False,egoista,31.04217359097986,10.737515826482584,1.5
2,16.762447501420397,2.377098268703872,True,conservadora,17.77662143483758,6.3597657047939915,0.5
1,15.994568321853876,3.5033307862682426,True,neutral,15.994568321853876,0.02567574688435936,2.0
2,26.978855599847464,2.494601740299544,False,conservadora,26.978855599847464,9.217936336533366,0.5
2,34.05958881473261,2.9407027051590697,False,neutral,34.11705096811056,6.179746824074393,0.5
3,19.735959682116732,5.611134097853413,False,egoista,22.25206778723927,24.335435774337707,1.3333333333333333
1,34.295073948800564,1.5801856219056352,True,conservadora,34.295073948800564,2.1662425022122593,0.0
1,30.555760104209185,2.9867211994410634,True,neutral,30.555760104209185,0.061036924010308774,2.0
1,33.36179606243968,6.104330867337082,True,egoista,33.36179606243968,1.566560107136946,1.0
1,27.326902247965336,2.8335408218199754,False,neutral,27.326902247965336,0.46852148126979504,2.0
1,33.98284763842821,2.8955215686796434,False,conservadora,33.98284763842821,17.024658038867024,2.0
1,20.944928530603647,2.979434724114341,True,neutral,20.944928530603647,14.26813240756038,2.0
2,33.13336735943951,2.9436287360994142,False,neutral,33.13336735943951,6.174905284067117,0.5
1,19.25062320381403,2.1522329346211424,False,conservadora,19.25062320381403,0.16002071234844248,2.0
1,31.858646050095558,3.470600640614698,False,neutral,31.858646050095558,4.683434433643752,0.0
1,18.532235078513622,2.7320697508153096,False,neutral,18.532235078513622,0.3081715116139879,2.0
1,34.26664726436138,3.7407639510824535,True,conservadora,34.26664726436138,0.06391736901356289,1.0
1,21.330426059663296,3.8990367069642202,False,egoista,21.330426059663296,2.9951805847258237,2.0
1,24.099997278302908,3.735096175922832,False,egoista,24.099997278302908,15.590908035515033,2.0
1,28.06081822887063,2.737979418257036,False,conservadora,28.06081822887063,0.10251999106696039,2.0
1,28.011349011212587,3.700465241784817,False,conservadora,28.011349011212587,18.00080446118055,2.0
1,24.635980367660522,2.5147669477438472,False,conservadora,24.635980367660522,1.7942512320623507,4.0
1,30.643210027366877,3.964564214190049,False,neutral,30.643210027366877,7.015749039337006,0.0
2,32.83384000019064,2.961917292168867,True,neutral,33.94121753796935,9.998645909539633,0.5
1,28.271746836602688,4.878639606679759,False,conservadora,28.271746836602688,8.616623583637923,2.0
2,21.536010547366143,3.2612810281679496,False,conservadora,22.79470892623067,2.5536884307495686,0.5
1,22.139045488089323,3.5293962661041935,False,egoista,22.139045488089323,0.22217361623588994,0.0
1,18.839295148849487,3.888944687331955,True,egoista,18.839295148849487,35.237129819514514,0.0
2,25.659754573971416,4.851735451627165,False,conservadora,27.514346204698086,21.374419564479297,1.0
1,23.153939474374056,2.671999328254236,False,egoista,23.153939474374056,0.8891556950992945,0.0
1,20.270546458661556,2.640184747841511,False,egoista,20.270546458661556,0.34335617056744266,1.0
1,32.6869750097394,3.289406383477614,False,conservadora,32.6869750097394,6.654361277254728,0.0
1,27.63284008949995,2.6812287881598698,False,neutral,27.63284008949995,2.2801421842550194,0.0
1,30.066103376448154,3.709883117285765,False,conservadora,30.066103376448154,0.3004407534609787,1.0
2,32.737055094828385,2.98185858451107,False,conservadora,32.737055094828385,4.0260699346877,0.5
1,24.098242737352848,3.2694055551768653,False,egoista,24.098242737352848,0.5199704937444818,1.0
1,31.622207887470722,3.510053502317902,False,conservadora,31.622207887470722,0.009621688044410203,0.0
1,31.788609098643064,3.1611301767465223,True,conservadora,31.788609098643064,5.30735226622749,1.0
1,26.50272861495614,1.8824016080044108,False,conservadora,26.50272861495614,1.0008848239449013,1.0
1,14.170069877058268,2.1026749010386627,False,neutral,14.170069877058268,2.624162119178259,0.0
1,36.23110591992736,2.860276005762194,False,egoista,36.23110591992736,3.197094530767491,0.0
2,25.13170861648218,3.844160460278184,False,egoista,25.13170861648218,13.632589044957136,0.5
1,30.334389239549637,2.0311573920037924,False,egoista,30.334389239549637,10.213908992599679,1.0
1,19.77955672517419,2.076787868856565,False,egoista,19.77955672517419,13.574602352863277,0.0
1,33.64402240142226,3.59847888887905,False,conservadora,33.64402240142226,9.138790041282892,2.0
1,24.716847207397223,2.607390845740535,False,egoista,24.716847207397223,2.201695271613304,2.0
1,24.355392917990685,1.7898723850509488,False,neutral,24.355392917990685,1.9783304955247065,1.0
1,24.976766616106033,3.5634667646552134,False,conservadora,24.976766616106033,0.03955389584924954,2.0
3,33.140772251997426,3.098381884671463,False,neutral,38.18923914018355,28.07534072680146,0.6666666666666666
1,38.596415646374226,2.7830694571190757,True,conservadora,38.596415646374226,8.388767499097339,2.0
1,22.528925746679306,3.107134581903892,True,egoista,22.528925746679306,4.570986133998005,1.0
1,26.86456961557269,3.5169229683035312,False,conservadora,26.86456961557269,1.7618100837161208,0.0
1,20.660525158047676,1.1360460137546404,True,egoista,20.660525158047676,8.818557861346976,1.0
1,25.846708826720715,2.4004259947572013,False,neutral,25.846708826720715,7.312795257489366,0.0
1,23.3502184972167,3.8264223204502654,False,conservadora,23.3502184972167,0.8495108856265822,0.0
1,22.87405499815941,2.781172418128139,False,conservadora,22.87405499815941,0.4289844791549736,0.0
1,26.36750791966915,4.3584561921655816,False,neutral,26.36750791966915,0.01267385621088998,2.0
1,19.84420334175229,4.904551299649942,False,egoista,19.84420334175229,0.4609297554011561,0.0
2,14.036149752529694,3.151925153898861,True,conservadora,16.85034292936325,26.98934798123211,0.5
2,16.609425835886366,0.9141683892110943,False,neutral,17.18897456303239,17.760315254887665,1.0
3,23.46322188345811,5.678456382588175,True,neutral,23.46322188345811,15.384400944453445,1.3333333333333333
1,28.513801157474518,4.151183081963089,False,egoista,28.513801157474518,0.37819044747796793,0.0
1,23.502867180854082,2.8698195484929907,False,neutral,23.502867180854082,2.6012995635885257,1.0
1,18.476392939686775,2.043866130804414,False,conservadora,18.476392939686775,7.22247984123542,2.0
2,14.725890185721042,2.2277670211836433,True,egoista,14.725890185721042,6.425455215637916,0.5
1,27.977819975465536,3.866816027918703,True,conservadora,27.977819975465536,3.192312467172967,2.0
1,31.250251282006502,3.0979002266379254,False,neutral,31.250251282006502,10.188603412878578,1.0
1,31.12667914107442,2.7395809280682952,False,conservadora,31.12667914107442,2.4863614537390126,2.0
1,29.270582400262356,3.6126010514006053,False,egoista,29.270582400262356,3.817850307424654,0.0
1,24.272797714918852,3.010013601932717,False,egoista,24.272797714918852,10.955772111675856,3.0
1,19.918254174292088,3.5350617562992444,False,neutral,19.918254174292088,1.1903357914341015,1.0
1,24.9625448808074,3.348621173232666,False,neutral,24.9625448808074,10.755803885203303,0.0
1,27.1382861956954,3.8348830375146687,False,neutral,27.1382861956954,0.26417551456774363,0.0
1,28.05711356550455,3.4936815071215253,False,neutral,28.05711356550455,3.179303175254641,0.0
1,26.9643944054842,1.6738113369552448,False,conservadora,26.9643944054842,0.04582914996847102,0.0
1,20.616386592388153,2.1323221586615855,False,neutral,20.616386592388153,1.969118199172565,0.0
1,19.673520792275667,3.189815693413635,False,conservadora,19.673520792275667,1.2555281108347474,1.0
1,16.510159764438868,2.4444400104414687,False,conservadora,16.510159764438868,14.172795174640909,0.0
1,30.12892708554864,2.8067638126195495,True,conservadora,30.12892708554864,4.171724349744121,1.0
1,34.34464766085148,4.792370119132025,True,neutral,34.34464766085148,0.03443559778273941,1.0
1,18.810444731265306,1.0002198091429952,False,egoista,18.810444731265306,4.44891559702287,0.0
1,37.78544904664159,3.690772734776152,False,conservadora,37.78544904664159,0.21194327105698904,1.0
1,26.052602853626013,1.3197188764468086,False,egoista,26.052602853626013,1.2892271432590972,1.0
1,24.003792870789766,3.7687752739702054,False,egoista,24.003792870789766,0.01609200468500679,1.0
1,38.800123658031225,3.7197873393734815,True,egoista,38.800123658031225,12.082209870324405,0.0
2,28.316242119870022,3.3609287180594074,False,conservadora,28.316242119870022,1.0150089631137849,0.5
1,23.563028652220964,5.3357648033525695,False,neutral,23.563028652220964,0.8261289242345584,0.0
1,28.41874062269926,3.4482477814728028,False,egoista,28.41874062269926,0.5484254622467283,0.0
2,11.265092787821391,1.3859983253770145,True,egoista,11.654039699584246,4.5779816001284885,0.0
1,21.488507449626923,2.781312087542413,False,neutral,21.488507449626923,2.9450184365857695,0.0
1,25.888072054833174,2.073111264980815,False,conservadora,25.888072054833174,8.668733561502876,1.0
1,31.48880724236369,3.4381922474819704,True,conservadora,31.48880724236369,16.44947220308084,1.0
1,20.899279467761517,3.8128697355137597,False,egoista,20.899279467761517,1.0010711140446487,2.0
1,18.795406132936478,2.6185058768022476,False,neutral,18.795406132936478,11.280109827666431,2.0
1,34.911122269928455,2.234458924733751,False,neutral,34.911122269928455,3.4540847098954384,2.0
1,27.100118424743414,3.437716364759911,False,conservadora,27.100118424743414,4.8788452521692145,0.0
2,23.122789437322176,2.2211296881694236,False,conservadora,23.122789437322176,31.88850265281622,1.5
1,10.031077694147825,3.818741716014462,False,egoista,10.031077694147825,26.413058905991633,1.0
2,11.026307542054791,4.528449009948049,False,egoista,12.490752901881933,3.0388665041328196,1.0
1,25.87126364186406,2.6811585172217884,False,conservadora,25.87126364186406,0.10764124655984726,3.0
1,22.000363145023584,3.625342013223876,False,neutral,22.000363145023584,10.473889095943495,2.0
1,22.95578609779477,2.572440608179818,False,neutral,22.95578609779477,1.8747470848258712,0.0
1,32.66172060370445,2.175405538985781,False,conservadora,32.66172060370445,6.500732072482807,0.0
1,22.9931646771729,2.128788384416559,False,conservadora,22.9931646771729,0.5481203327707244,2.0
1,24.353811774402857,4.5416822228098015,True,egoista,24.353811774402857,2.480762445229916,0.0
1,28.746701322495937,2.6567645310632737,True,conservadora,28.746701322495937,0.2363377293629761,3.0
1,26.953990999609232,2.567558879180569,False,conservadora,26.953990999609232,2.955352717586908,0.0
1,23.2967229783535,2.4613597618832874,True,egoista,23.2967229783535,4.809191553186074,0.0
1,39.89961456134915,4.345155462206422,True,egoista,39.89961456134915,6.948159700054733,1.0
2,29.580618178235152,3.794055283329812,False,conservadora,29.580618178235152,3.082610502574687,0.0
2,12.713662128456601,4.96615780570719,False,neutral,14.729984767735004,45.77122552774145,2.5
2,12.134363917103101,4.955429177622526,False,egoista,12.204585213214159,2.9671193727904477,1.0
1,26.487908009439707,2.4277668098571468,False,neutral,26.487908009439707,4.610634172346596,1.0
1,18.622637540102005,2.775645561482814,False,conservadora,18.622637540102005,1.020044051263102,0.0
1,26.820930134505033,3.373994345407907,False,conservadora,26.820930134505033,2.2467338498496514,0.0
1,23.841606501489878,3.2572852500208698,False,conservadora,23.841606501489878,2.0492921101882255,3.0
1,16.678834658116102,2.7228883273867712,False,conservadora,16.678834658116102,0.3259474775618166,0.0
1,11.522064505144954,3.4910079581581654,False,conservadora,11.522064505144954,0.17558919287005778,2.0
2,23.27000086843557,2.3145315073173442,False,egoista,23.6282303519547,7.715723036108363,0.0
1,18.565901093184948,4.02922364568707,False,neutral,18.565901093184948,0.8829560402925165,1.0
1,27.29916588962078,2.0618002952104266,False,conservadora,27.29916588962078,0.7019749471518342,2.0
5,20.84982214384237,5.41592046731801,False,egoista,25.578808769583702,38.97969997326312,0.4
1,27.020174834877253,3.1758231420047554,True,conservadora,27.020174834877253,10.620151800089896,1.0
2,10.623046062425239,3.4054584773015533,True,neutral,13.875847462564707,7.989363462106391,1.0
2,25.483820080274203,2.1402345330410273,False,conservadora,26.72858641296625,14.091873110809527,0.5
2,10.102092233881764,1.1436980496035773,False,egoista,10.132303427904844,13.934448935921328,1.0
1,28.22391875460744,3.2982690285147775,True,neutral,28.22391875460744,7.391397782505675,0.0
2,35.64988060296877,3.9342483251196616,False,neutral,35.64988060296877,22.935148281304944,0.0
1,35.24102879688144,5.4389995322262665,False,conservadora,35.24102879688144,43.5600598456406,1.0
2,29.271316132234137,4.188664668260447,True,egoista,31.535381261259317,10.382036992080533,0.5
1,23.431400645524263,3.2107367794370805,False,neutral,23.431400645524263,0.4277296083880861,2.0
1,17.51365913078189,2.281846635832106,False,neutral,17.51365913078189,14.846494552804593,2.0
1,15.3499914444983,3.818714622991751,False,conservadora,15.3499914444983,0.9819131438578149,0.0
1,23.39427999407053,2.2221134790655017,False,conservadora,23.39427999407053,5.935963003490539,1.0
1,34.09430631622672,2.4015134156786977,True,conservadora,34.09430631622672,10.87241283702551,4.0
1,34.257263235747814,4.786490015134291,False,conservadora,34.257263235747814,6.647583583355109,0.0
2,31.220781049240205,5.51595407295688,True,neutral,31.220781049240205,29.14599481861542,2.0
1,24.403906371444464,1.0301541040565882,True,conservadora,24.403906371444464,3.7454630390023538,0.0
1,24.2464594617486,3.6967671452507425,False,conservadora,24.2464594617486,0.8960279376635705,0.0
1,24.138891775161028,2.5358010470755827,True,conservadora,24.138891775161028,0.053225386138251014,1.0
1,22.672593589872122,2.9176432924139952,False,egoista,22.672593589872122,4.0213940207000345,0.0
2,11.52141145976421,2.4125141055330706,True,egoista,11.52141145976421,13.519629219017506,2.0
1,28.83631367608905,2.235334258876152,False,conservadora,28.83631367608905,2.8338511900999905,0.0
1,21.046819549053907,4.309264901241163,True,neutral,21.046819549053907,5.092058117761955,3.0
1,12.681794613599777,2.640315485669285,False,neutral,12.681794613599777,14.429981758304509,2.0
1,26.66772174090147,2.9106578304248796,True,conservadora,26.66772174090147,1.5841660991595572,2.0
2,17.661817398891863,3.3307856563484295,False,conservadora,17.661817398891863,21.887116924008232,0.0
2,24.54748385164425,1.5476216835984749,False,neutral,24.96610688045621,12.146305577690173,1.0
1,24.321972135454416,4.785163954523274,False,conservadora,24.321972135454416,20.979881711096734,1.0
1,26.06254268437624,2.620701117155435,True,conservadora,26.06254268437624,5.862681636361101,1.0
1,20.770573053508997,2.0111388661535425,False,neutral,20.770573053508997,1.4012943697949056,1.0
1,31.026841886341572,3.765080293280095,False,conservadora,31.026841886341572,4.730722754110747,1.0
1,18.303887140005827,4.031994578459727,False,egoista,18.303887140005827,8.71059785997941,1.0
1,12.822688225656748,1.8968445363653104,False,conservadora,12.822688225656748,5.199431878009776,0.0
1,22.138926301151514,3.502417762196768,False,conservadora,22.138926301151514,2.9942362556538646,2.0
1,30.721494119614363,3.229227350322389,True,conservadora,30.721494119614363,24.120653671779603,1.0
1,14.429918710142374,3.4997408039500417,False,conservadora,14.429918710142374,8.739772897161206,2.0
3,22.420684060056285,2.517566968127033,False,neutral,22.420684060056285,4.865647272438464,0.3333333333333333
1,23.904883336275816,2.422643297454979,True,neutral,23.904883336275816,1.856626452511964,1.0
1,16.86744712293148,4.087129744522404,False,egoista,16.86744712293148,18.002627287673313,1.0
1,21.513271778821945,4.689424483590855,False,neutral,21.513271778821945,0.8382970231039923,2.0
1,27.84999279677868,3.178988116575362,False,conservadora,27.84999279677868,2.21445569214475,0.0
1,38.35434236377478,4.280394272482001,False,egoista,38.35434236377478,2.69709014978868,0.0
2,40.47471599468618,2.8965611084926755,True,conservadora,40.47471599468618,14.937799066904454,1.0
2,30.35480578289661,3.5555299087079684,False,egoista,30.35480578289661,4.457923233256862,1.0
1,23.944462284445763,1.7799800696647647,True,egoista,23.944462284445763,14.070382272019648,0.0
2,21.04082403296638,2.2228570662034333,True,conservadora,21.04082403296638,9.793632553917506,1.0
1,17.31657012924552,5.081763855954451,False,neutral,17.31657012924552,4.384686636782541,3.0
1,31.790562856942415,3.048756843437389,False,neutral,31.790562856942415,2.7200803525900654,0.0
1,29.90434231981635,1.9499254135577953,True,conservadora,29.90434231981635,9.93459528995441,1.0
1,25.38592454791069,2.8814453673748854,False,egoista,25.38592454791069,1.8806948778510992,0.0
1,22.244081374257803,2.9969881005962824,False,conservadora,22.244081374257803,0.41652071502002486,1.0
2,16.375176699874167,4.86949646122694,False,egoista,16.459403853863478,0.12184092612428561,1.0
2,35.283127643784276,2.356204295504701,False,neutral,35.283127643784276,1.9852846870290843,0.0
1,25.62356785312295,3.114495780853652,False,egoista,25.62356785312295,11.567189372997754,1.0
1,28.766220279037952,3.536798126860842,False,conservadora,28.766220279037952,0.14013368908513912,0.0
1,33.892324198037386,2.011987013768837,False,neutral,33.892324198037386,1.3334012322047537,0.0
1,19.726517032831907,4.637394958980904,True,egoista,19.726517032831907,3.147141008225435,1.0
1,28.563034899532795,1.8651099061070515,False,conservadora,28.563034899532795,1.3663217667043206,2.0
1,26.119942866265774,2.6580059066512565,False,conservadora,26.119942866265774,26.83222555848513,2.0
1,26.233623005449772,1.8880775102351353,False,conservadora,26.233623005449772,2.5353850685578245,2.0
1,29.529747121036053,3.885255276609019,False,conservadora,29.529747121036053,0.6097297782777721,1.0
1,30.486137688159943,3.922088375249954,False,conservadora,30.486137688159943,1.247311565023523,0.0
1,25.937305688858032,3.3564855755473197,False,conservadora,25.937305688858032,4.320139477099301,1.0
1,24.109147675335407,2.426077695618952,False,egoista,24.109147675335407,1.9835867465623522,1.0
1,22.113801572471857,1.9233521246941052,True,egoista,22.113801572471857,2.764922003725557,0.0
1,41.171864569187164,3.7255849314614573,True,egoista,41.171864569187164,4.746659236126334,2.0
1,23.94205217063427,1.9592752421736233,False,conservadora,23.94205217063427,0.2670521843323671,2.0
1,25.358962763100863,4.323343257179186,False,conservadora,25.358962763100863,1.942081723251151,1.0
1,21.200569801032543,3.321454391061413,False,conservadora,21.200569801032543,25.138737979117785,1.0
1,23.567823231220245,3.052950315702837,False,egoista,23.567823231220245,1.0786140861613795,0.0
2,23.858119229572146,1.3145491144760888,False,conservadora,24.70418417081237,4.521824600021924,0.5
1,43.65982827544212,3.906368928433676,False,neutral,43.65982827544212,11.44862611846006,1.0
2,26.951667666366234,2.8049135572810258,False,egoista,26.951667666366234,8.90460762059927,0.5
1,20.101354010403156,3.1920673171087435,False,egoista,20.101354010403156,0.334404413166948,0.0
1,27.636670634150505,3.8849877437300124,False,conservadora,27.636670634150505,2.3005084942656855,0.0
1,28.28213868290186,3.6226473828858428,True,conservadora,28.28213868290186,0.19488754158534644,1.0
1,23.191316675394773,2.0964878057986747,False,neutral,23.191316675394773,2.5780920267880667,1.0
1,25.362087287008762,2.3926433098604942,False,conservadora,25.362087287008762,0.640911670993497,0.0
1,13.765018288046122,2.6581385866257694,False,egoista,13.765018288046122,9.453749300262672,0.0
1,31.051459476351738,2.818425802553999,True,egoista,31.051459476351738,3.948136549085016,1.0
1,23.477750718593597,3.851837438091566,False,egoista,23.477750718593597,0.19137954535389012,0.0
1,8.624068316072226,3.089564647318603,True,conservadora,8.624068316072226,3.4666657106381593,2.0
1,33.22110237553716,4.5068231971298625,False,neutral,33.22110237553716,9.794923459379751,2.0
2,24.54704297011936,2.343045820149044,False,egoista,25.985344104468822,3.6798047714919337,1.0
1,35.023802008479834,3.2854408509816095,False,conservadora,35.023802008479834,16.428709032879635,0.0
2,27.50501571897517,6.430014790379904,False,conservadora,28.735984683036804,4.5179111474653,1.0
3,17.917657509308967,3.4308521735755293,False,conservadora,17.917657509308967,52.53096751174393,0.6666666666666666
1,35.08355728909373,2.9497692733662935,False,conservadora,35.08355728909373,2.029455602098477,2.0
1,8.501018200069666,4.660826927796221,False,conservadora,8.501018200069666,0.01691125488437428,1.0
1,34.86153322458267,3.000596171092727,False,neutral,34.86153322458267,7.4168331861011465,0.0
1,33.863337613642216,3.89086226060505,False,egoista,33.863337613642216,7.996513225171573,1.0
1,28.61159974336624,0.7302355886256549,False,conservadora,28.61159974336624,0.181947289987725,1.0
2,22.519813682813453,4.921968342599795,False,conservadora,22.519813682813453,8.370626155348324,1.0
1,25.165044248104095,5.078662358683397,False,conservadora,25.165044248104095,1.132602375242965,0.0
1,22.814699918031693,1.9441231274845303,False,egoista,22.814699918031693,0.8975422778170482,0.0
1,26.88876261562109,3.985276094341833,False,conservadora,26.88876261562109,1.410460474543372,0.0
2,15.198132966642508,2.6769638598284176,False,conservadora,15.198132966642508,34.284122359127856,1.5
2,29.916770594794286,3.9734814694507943,False,egoista,29.916770594794286,0.5563160983155329,1.0
1,14.924019899219275,2.794118281505902,True,egoista,14.924019899219275,1.2409013013185242,0.0
1,31.76090068742633,2.5424425688200203,False,neutral,31.76090068742633,2.081469499673803,1.0
1,24.263368852436543,4.836984908717813,False,conservadora,24.263368852436543,0.6125099840305177,0.0
1,17.228803489357233,2.1365824818746773,False,neutral,17.228803489357233,0.5123302793999911,0.0
1,17.656531933695078,1.7824357940698787,False,conservadora,17.656531933695078,0.5410945234476672,0.0
1,22.987289879471064,5.752793810505161,False,conservadora,22.987289879471064,1.3227707953842447,1.0
1,24.200574532151222,3.964895993780083,False,egoista,24.200574532151222,0.4006532544430776,1.0
1,18.823223259299994,2.2944528293910684,False,neutral,18.823223259299994,6.563727786019697,0.0
1,24.848188396543264,3.6680500152109965,False,egoista,24.848188396543264,7.6633338343630255,2.0
1,21.305720660835505,5.935887890362564,True,conservadora,21.305720660835505,26.07500715436063,0.0
2,34.337837604224156,2.2502734846043624,False,egoista,36.317141983658075,19.164714166157463,0.0
2,17.91686894840427,2.520058592229803,False,egoista,18.263733759522438,2.9960619101236308,0.5
2,38.06346975321098,2.584723301799896,False,egoista,38.06346975321098,3.7555935949324937,1.0
1,6.647112630307674,1.7662502329475998,True,neutral,6.647112630307674,11.622479386784459,0.0
1,23.27744236961007,1.4283512087540053,False,egoista,23.27744236961007,4.790847222924387,0.0
1,30.330730378627777,3.593687552530236,False,conservadora,30.330730378627777,9.852838802500592,0.0
1,20.12518546357751,3.5576695607125135,False,conservadora,20.12518546357751,1.9365233705268003,0.0
1,14.726138051599264,2.869468725908852,False,conservadora,14.726138051599264,5.0833846706533565,1.0
1,28.811296094208956,2.1890245005854525,False,egoista,28.811296094208956,14.514744512372694,0.0
1,35.76294735074043,2.036001777784621,False,conservadora,35.76294735074043,13.608816467630923,3.0
1,26.592891912907362,2.5960971218817277,False,conservadora,26.592891912907362,4.918535193660008,0.0
1,15.888787351548672,4.52239012978651,False,egoista,15.888787351548672,1.0285947794301886,1.0
2,17.652507579333633,4.126636562526007,True,egoista,19.878573175519705,7.122876545417837,1.0
1,31.655410572886467,3.8879011928486267,False,conservadora,31.655410572886467,9.805741327996065,0.0
1,17.186177477240562,3.1211808416802067,True,egoista,17.186177477240562,5.849698554955999,1.0
1,25.037143021821976,4.2228382505805335,True,conservadora,25.037143021821976,0.1757073115198758,0.0
1,20.10751273110509,3.4087807790887155,False,conservadora,20.10751273110509,2.8126192955013756,0.0
1,21.57598352432251,2.979704376039842,False,egoista,21.57598352432251,4.737818381849867,1.0
1,29.00197334587574,5.335343160573296,True,egoista,29.00197334587574,0.3915973683910717,1.0
1,13.228651240468025,2.991968666014803,False,conservadora,13.228651240468025,5.195776174926048,0.0
2,18.99576634775293,2.9255519470208764,False,conservadora,18.99576634775293,5.554111758341438,1.0
1,13.711776550859213,2.748378200822662,False,conservadora,13.711776550859213,11.635142877144348,0.0
1,23.844074930995703,2.9739289134670006,True,neutral,23.844074930995703,0.3644437178982748,1.0
1,28.6538737565279,3.162771010326707,False,neutral,28.6538737565279,3.820632189713498,3.0
1,21.84708248078823,3.3248388376182416,False,egoista,21.84708248078823,6.900479149765128,2.0
1,13.802548162639141,3.324431045854432,False,neutral,13.802548162639141,3.703829662801953,1.0
1,26.78033873811364,3.032387458926991,False,conservadora,26.78033873811364,19.48220321432106,0.0
1,28.657191425561905,2.2278673737472867,False,conservadora,28.657191425561905,1.6571593460091831,1.0
1,40.24458755552769,4.626000476785984,False,conservadora,40.24458755552769,1.0694977453606025,0.0
1,25.380672961473465,4.6987286555376,False,neutral,25.380672961473465,5.944352475825384,1.0
2,40.40975757032102,4.886503927956553,False,conservadora,40.40975757032102,14.625846320662461,1.0
1,26.554180916398764,4.405057301141765,False,conservadora,26.554180916398764,0.9571451205980411,0.0
1,28.22242232784629,4.267470534911496,True,conservadora,28.22242232784629,1.4525502516612652,2.0
4,17.046931930998433,5.235496103119622,True,egoista,20.718024913221598,9.539276671911423,2.25
2,24.87086683889177,4.1198295522706125,True,conservadora,24.87086683889177,6.3809461659565985,0.5
2,32.860607492784474,4.459571143811785,False,egoista,37.674485456198454,5.901809673046697,0.5
3,28.659735175922425,5.5002164327601815,False,neutral,33.02037962526083,7.062527174867455,0.3333333333333333
1,23.967067509889603,3.321004991763611,False,conservadora,23.967067509889603,6.422458899149846,2.0
1,30.276181370019913,3.1368207373845816,False,conservadora,30.276181370019913,0.20279460935615248,1.0
3,27.75292886598583,4.847435394887856,False,neutral,29.0839350129988,4.11739308917443,1.3333333333333333
1,16.424191523343325,3.75667690507022,False,conservadora,16.424191523343325,6.219829250263243,1.0
1,25.004271484911442,3.694664682418001,False,neutral,25.004271484911442,3.3039465241179395,1.0
1,24.447569377720356,3.836874001184697,True,conservadora,24.447569377720356,9.568513309936279,1.0
1,24.076593190431595,2.4303571925018193,False,egoista,24.076593190431595,0.887767963896888,4.0
1,37.72059204429388,4.719430890446426,True,egoista,37.72059204429388,3.087476478305139,0.0
1,20.166816126555204,4.2894137402100885,False,conservadora,20.166816126555204,18.26219771169397,2.0
1,14.975599315017462,1.6529282179769693,False,egoista,14.975599315017462,16.484332063067825,2.0
1,25.645231049507856,3.275990380040842,True,conservadora,25.645231049507856,1.0272007150177493,1.0
1,39.44360085576773,2.602911705630871,False,egoista,39.44360085576773,0.45138437161126493,0.0
1,26.879950761795044,4.030676181972842,False,neutral,26.879950761795044,1.475432073751363,0.0
1,22.269845582544804,6.234056695561055,True,egoista,22.269845582544804,6.871763758942847,4.0
1,33.42892800271511,1.9652254868827443,False,neutral,33.42892800271511,10.078010139130324,2.0
1,16.863712713122368,3.008071141694117,True,conservadora,16.863712713122368,0.0006064098032285483,0.0
2,27.535512608858493,2.7392070857835127,False,neutral,29.866276897490025,9.156148239363747,3.0
1,35.436842147260904,3.4552190749527583,False,conservadora,35.436842147260904,11.394762573366865,0.0
1,30.747465062886477,4.270844322917211,True,egoista,30.747465062886477,0.3565137339807077,0.0
1,22.88687976077199,3.1073590419697936,False,conservadora,22.88687976077199,12.33620361708285,0.0
1,30.928535893559456,4.33585937576631,False,egoista,30.928535893559456,4.129789842982535,0.0
1,23.37564653903246,2.3199766094882666,False,neutral,23.37564653903246,0.8147642385894842,0.0
2,30.224229169275194,1.8569458970476114,True,conservadora,30.224229169275194,2.1534773590863456,1.0
2,22.80589685761358,2.9778741732513954,False,neutral,22.80589685761358,4.00011687345923,0.0
1,22.474389176815748,2.64765340887673,False,neutral,22.474389176815748,1.5479056196513492,1.0
1,19.71602439880371,3.634157227847712,False,conservadora,19.71602439880371,0.6793000241058018,0.0
1,23.25286977365613,3.8291836155361505,False,egoista,23.25286977365613,4.483177345129846,1.0
1,29.208494193851948,5.400645025454657,True,neutral,29.208494193851948,0.31774927231119815,0.0
1,38.30032550916076,2.867241668741025,False,egoista,38.30032550916076,0.14431274053185794,0.0
1,19.931765388697386,3.5754066777631635,False,conservadora,19.931765388697386,12.588914986571076,2.0
1,33.19220855087042,5.357863213974197,False,conservadora,33.19220855087042,0.20459858120030844,1.0
1,22.37221997976303,2.691522336598495,False,conservadora,22.37221997976303,2.160978797645286,1.0
1,16.330680049955845,3.2500773563624024,False,conservadora,16.330680049955845,1.4741142959024218,1.0
2,27.58518374418475,4.219101108441883,False,neutral,27.58518374418475,7.496990181488773,1.5
1,34.358906619250774,4.000998730931861,True,conservadora,34.358906619250774,1.664629916399079,3.0
2,39.42023993638329,1.2031608353909868,False,egoista,39.42023993638329,9.512343230176059,1.5
1,37.721356090158224,3.4559830222176138,False,egoista,37.721356090158224,9.96839921736154,1.0
1,21.675149712711573,2.900595025636516,False,egoista,21.675149712711573,4.94880757563338,1.0
3,16.966779421837597,1.9188431848719196,False,conservadora,16.966779421837597,8.940997701549284,0.6666666666666666
2,34.219980605037,3.6136094849739813,True,egoista,34.219980605037,22.63071285820558,2.0
1,29.5322453007102,3.9578208728074884,False,neutral,29.5322453007102,1.7720886954356887,1.0
1,19.48967280611396,3.5531937606566313,True,neutral,19.48967280611396,6.695658997690243,2.0
1,32.86998525634408,3.736239066588453,True,egoista,32.86998525634408,5.376881017765758,0.0
1,20.99277399852872,2.8051834473872144,False,conservadora,20.99277399852872,12.62685860811328,0.0
2,32.00787776955597,4.3065254190275315,False,egoista,32.00787776955597,8.560857376770596,0.0
1,30.478154983371496,3.035779314073666,False,egoista,30.478154983371496,5.65778778486907,0.0
1,31.73214477673173,3.6676054372484046,True,neutral,31.73214477673173,13.995266993203517,0.0
1,18.395183477550745,3.669433100441853,False,egoista,18.395183477550745,0.6742147874792851,4.0
1,22.741507850587368,5.428725795246044,False,neutral,22.741507850587368,2.220931867455364,1.0
1,42.404563281685114,2.4681234803567147,False,neutral,42.404563281685114,0.6346128697299582,1.0
1,20.76620450243354,4.21089710245719,True,conservadora,20.76620450243354,1.4504604572265034,0.0
1,27.66157042607665,1.9692508808974327,False,egoista,27.66157042607665,9.640674547773768,1.0
1,28.725527454167604,3.5228203223329864,False,conservadora,28.725527454167604,3.2216974592868213,0.0
1,20.134786281734705,1.0306275405831062,False,neutral,20.134786281734705,9.857157371398353,0.0
1,32.51496257260442,4.371794902672901,True,neutral,32.51496257260442,5.826621565925025,2.0
3,17.248192198972195,4.2362025089219415,False,neutral,17.248192198972195,25.519711100257968,1.3333333333333333
2,16.232284510036767,3.1180076818805955,False,egoista,18.333227552473545,8.689032988492988,0.5
1,28.545611552894115,2.660651145565988,True,egoista,28.545611552894115,0.21279764756836075,1.0
1,30.99317690357566,4.542728031650185,False,conservadora,30.99317690357566,4.371246613341863,1.0
1,20.919093631207943,5.385744545429523,False,egoista,20.919093631207943,1.0282868307877038,0.0
1,20.76536775007844,5.029253898024725,False,neutral,20.76536775007844,7.632147799737154,0.0
1,25.89359639585018,3.2174572028700106,False,neutral,25.89359639585018,24.496825862083647,1.0
1,32.13634216412902,2.4741508504983916,True,conservadora,32.13634216412902,0.9957669080561081,1.0
1,29.136191837489605,2.93499460466207,False,conservadora,29.136191837489605,0.6758019157567621,0.0
1,21.19179991260171,3.2292948868808913,False,egoista,21.19179991260171,3.1144661517056904,0.0
1,26.3555320315063,1.5206912125953935,False,conservadora,26.3555320315063,4.82478621042179,1.0
1,32.84057041630149,1.812123895402252,True,conservadora,32.84057041630149,0.5441160549972005,2.0
1,26.56040695682168,3.154524836575948,False,conservadora,26.56040695682168,0.9807798494120619,0.0
2,22.040984344257264,3.044324829664156,False,conservadora,23.20724281668663,6.903772814411029,1.0
1,21.23525458574295,3.170936545846996,False,conservadora,21.23525458574295,6.228768367367185,0.0
1,23.417122595012188,3.0942677495998683,True,neutral,23.417122595012188,1.0428630592388692,1.0
2,31.041202302298615,4.596992863488354,True,egoista,31.041202302298615,11.658617088817218,2.5
1,11.54787539690733,2.980576188663027,False,egoista,11.54787539690733,1.4660632116483812,1.0
1,25.762331694364548,2.56222759576466,False,conservadora,25.762331694364548,10.64660345480152,1.0
1,8.15916658192873,2.6769092243806814,True,conservadora,8.15916658192873,2.0648454847353275,1.0
1,24.431685660034418,4.1189711823021895,False,egoista,24.431685660034418,5.515238999775345,1.0
1,25.341614171862602,2.5249392083494926,False,conservadora,25.341614171862602,2.842839855241141,0.0
1,33.457088973373175,3.404292983022867,False,conservadora,33.457088973373175,0.18487860493493843,1.0
2,19.009753023514875,3.1015510034277605,False,conservadora,19.188466981053352,3.551149100976292,0.5
1,39.38496980071068,4.053003385012782,True,neutral,39.38496980071068,7.583981613307431,1.0
1,19.22967106848955,1.475886390412992,False,egoista,19.22967106848955,0.19745997130336715,0.0
3,22.29762596963702,4.721759247450485,False,conservadora,23.429816957563162,10.13560341715722,1.0
1,33.96435110270977,4.472417564226511,True,conservadora,33.96435110270977,2.0508918964113265,0.0
1,22.977071352303028,2.9218136420124976,False,conservadora,22.977071352303028,5.863758148847374,1.0
1,44.88539647310972,3.417640414919476,False,neutral,44.88539647310972,6.272521922752367,0.0
1,37.343561951071024,3.710253016242267,False,egoista,37.343561951071024,3.7309187252873497,0.0
1,21.082870732992887,3.851287324363997,False,conservadora,21.082870732992887,1.8892587531127418,0.0
1,20.15532286837697,2.0411837527819374,True,conservadora,20.15532286837697,0.17293740455820172,3.0
2,23.792430000285805,3.8696247516651523,False,conservadora,27.166702922433615,14.473699916880697,0.5
1,29.08149867504835,5.636386418428156,False,conservadora,29.08149867504835,5.614013911890869,0.0
1,18.78498373925686,3.767921565547823,False,neutral,18.78498373925686,2.382541314408332,4.0
1,17.652747683227062,3.5166800063143207,True,neutral,17.652747683227062,1.1646335746708145,0.0
1,35.51791047304869,2.1645162629816204,False,conservadora,35.51791047304869,8.669978777049058,1.0
1,31.04392971098423,2.690092537592964,False,egoista,31.04392971098423,0.37918126466348845,1.0
1,38.957611206918955,3.1301135777062403,False,conservadora,38.957611206918955,0.6913111530933558,1.0
1,15.47752121835947,1.8190205101362136,False,egoista,15.47752121835947,18.026533646760416,3.0
1,37.03097226470709,2.6797083519809823,False,neutral,37.03097226470709,15.71248468257751,0.0
1,24.1182913929224,3.828667061811245,False,conservadora,24.1182913929224,8.056001598532518,1.0
1,15.471012774854898,2.7875726016740705,False,conservadora,15.471012774854898,4.949842884252681,0.0
1,21.790605138987303,2.684982686221466,False,neutral,21.790605138987303,0.05170214174616566,0.0
1,8.35986882634461,1.975413452163891,True,conservadora,8.35986882634461,1.6529557006420854,1.0
2,21.108426020455283,2.9922610309700235,False,neutral,21.87984961643815,1.3899968729937202,1.0
1,36.10916347801685,3.1409309897715145,False,conservadora,36.10916347801685,0.9844805822022118,1.0
1,31.929735079407692,3.52257765634669,True,egoista,31.929735079407692,7.089436915863653,3.0
1,30.14456484466791,2.5584222125918124,False,conservadora,30.14456484466791,0.6157412876806425,1.0
1,15.139913752675056,3.2094805093872907,True,conservadora,15.139913752675056,0.5716560296824887,0.0
1,25.330852933228016,3.386475955140501,False,egoista,25.330852933228016,4.3496035715598,1.0
2,29.37891634171453,3.7520064056844187,True,conservadora,29.37891634171453,27.480138750551518,1.5
1,32.61304596811533,4.08149296079385,False,neutral,32.61304596811533,3.33297156380007,1.0
1,18.2797284796834,4.223619819420635,True,conservadora,18.2797284796834,2.3657077566541536,0.0
1,38.24289982393384,3.402380352941021,True,neutral,38.24289982393384,5.158037522734338,1.0
1,34.16605518758297,2.21610475523355,False,conservadora,34.16605518758297,13.822461255663535,2.0
1,22.95271720737219,2.06929284464145,True,neutral,22.95271720737219,6.526161527014011,2.0
1,27.5697335973382,2.547788753183025,False,conservadora,27.5697335973382,13.249421038337122,0.0
1,25.926831983029842,3.288324160233765,False,conservadora,25.926831983029842,6.006974995059609,1.0
2,22.34156070310583,2.447930296833002,False,egoista,25.661717664450407,7.454082318199695,0.5
1,30.96420396119356,4.872467933505594,False,conservadora,30.96420396119356,34.881723538203225,2.0
1,16.058519534766674,1.7402805296397572,True,conservadora,16.058519534766674,0.17309855399409735,1.0
1,24.931988440454006,2.1397946913415167,True,conservadora,24.931988440454006,11.619032780916731,1.0
1,23.39508606866002,0.9321013947300978,False,neutral,23.39508606866002,5.289220124310303,1.0
1,19.32147517055273,4.079114204660213,True,neutral,19.32147517055273,7.303496841768932,2.0
1,22.776239309459925,1.4098855228057143,False,neutral,22.776239309459925,1.90457990984183,0.0
3,18.31797581541912,2.9926108413706314,False,egoista,22.97903111204505,10.636284022637994,0.6666666666666666
2,35.18923654572556,3.033545745099646,False,egoista,35.633088547736406,13.069621799727372,0.5
2,17.734852903573927,4.087352724142155,False,neutral,19.46326271444559,3.451803756551154,1.5
1,27.29018059745431,2.288462399278855,True,conservadora,27.29018059745431,4.9434469017903355,1.0
1,30.580506790429354,3.4863059200105293,False,egoista,30.580506790429354,9.414194714795968,0.0
6,14.341755831473916,4.78833820890329,False,conservadora,14.341755831473916,55.52464348469088,1.0
1,27.199978467077017,2.3947651101641765,False,neutral,27.199978467077017,2.3152595198163035,1.0
1,33.800940070301294,2.286796921343921,False,conservadora,33.800940070301294,4.50412549256638,0.0
1,26.01226220652461,2.202525839299142,False,conservadora,26.01226220652461,3.753759696284844,0.0
1,30.967607896775007,2.974623769396026,False,egoista,30.967607896775007,0.3300917600623671,2.0
1,35.58994912356138,2.7566443982733375,False,conservadora,35.58994912356138,5.797274476970666,1.0
1,35.10773781687021,2.2862301612433296,True,neutral,35.10773781687021,5.32889311180539,1.0
1,24.540025383234024,3.2126402752635332,False,conservadora,24.540025383234024,0.5879140817058979,0.0
1,25.63294330239296,4.542159152933569,False,neutral,25.63294330239296,11.205517935646476,1.0
1,17.450488168746233,1.6881213529515182,False,neutral,17.450488168746233,5.700286269590626,0.0
1,30.820083398371935,2.964045562558468,False,conservadora,30.820083398371935,4.130359235192362,0.0
1,16.43017490208149,1.9572711654316115,False,egoista,16.43017490208149,0.6736439037100419,0.0
1,37.0832160897553,3.0171675351211826,True,conservadora,37.0832160897553,18.214965433280348,1.0
2,28.864520608475697,3.6266898014655635,True,conservadora,30.286795802414417,10.70790092333188,1.5
1,29.17989833652973,4.433720888329856,False,conservadora,29.17989833652973,6.017524984511852,1.0
2,21.477192096079506,3.2758708880919283,True,conservadora,24.602372888475657,18.49875753724185,1.5
1,15.808272946625948,3.081062870442522,True,conservadora,15.808272946625948,2.4190826505501657,0.0
1,16.742748111486435,2.9777238252730602,False,egoista,16.742748111486435,4.945134311929152,1.0
1,28.30174920335412,1.9253626090987892,False,egoista,28.30174920335412,0.10840688113381049,0.0
1,26.755614675581455,3.077511849373564,False,egoista,26.755614675581455,3.278161156484848,1.0
1,22.78033022210002,3.815515617010653,False,conservadora,22.78033022210002,0.07647567698499877,1.0
1,31.2448135279119,4.012453003008652,True,conservadora,31.2448135279119,0.6403052234275848,0.0
1,39.551495142281055,2.5795269267288665,False,conservadora,39.551495142281055,2.2319149255019277,0.0
1,33.487776938825846,2.887076433905918,False,neutral,33.487776938825846,6.949357788390392,0.0
1,30.657713688910007,3.3937650291824766,False,conservadora,30.657713688910007,3.4229879941525128,0.0
1,23.34411123022437,3.8501112478136683,False,conservadora,23.34411123022437,19.32878207182146,0.0
1,20.354397170245647,3.1990980611608264,False,conservadora,20.354397170245647,5.5667792661228805,1.0
1,20.4666760340333,4.506812961201186,False,conservadora,20.4666760340333,2.4145595217563205,2.0
3,19.933602003357876,2.274513270961606,True,conservadora,20.430285408744535,21.74113206436845,1.3333333333333333
1,18.347167145460844,2.9031084591542515,False,conservadora,18.347167145460844,0.5717885347548817,1.0
1,22.000502839684486,4.090618748462766,True,conservadora,22.000502839684486,1.7591546744132407,1.0
1,25.565914303064346,3.7348495392407997,False,neutral,25.565914303064346,7.18438729659763,1.0
1,19.112892385572195,5.101206003503111,True,conservadora,19.112892385572195,13.132995065069128,0.0
2,22.58466647331894,3.331101165007659,False,conservadora,22.58466647331894,8.670270417295413,1.0
1,14.98919652402401,0.48429029764189346,True,neutral,14.98919652402401,2.906789072587131,1.0
1,30.24951758235693,2.9993223845927197,True,neutral,30.24951758235693,0.32404150963193756,0.0
2,21.061561805405095,2.2946351498948654,False,egoista,21.69018252938986,8.47679301081894,1.0
2,25.117124791734124,4.992934651900279,False,egoista,25.99475919827819,0.6531355281267257,2.5
1,29.341691724956036,2.587985347685316,False,neutral,29.341691724956036,0.22391353260786284,0.0
1,19.90209572389722,3.2476192777089947,False,neutral,19.90209572389722,29.650640980205985,0.0
1,29.228846475481987,1.8970914375587293,False,conservadora,29.228846475481987,1.701155340316161,0.0
1,29.216214805841446,2.9418319979157492,False,egoista,29.216214805841446,7.575071339503328,1.0
1,14.039130993187428,3.092146521917438,True,neutral,14.039130993187428,0.857140264116712,1.0
1,34.713065046817064,4.073606930500253,False,neutral,34.713065046817064,9.301598733219164,1.0
3,27.449527179046676,4.5132438642896515,True,conservadora,28.139014676213264,18.264368028288573,0.6666666666666666
1,32.0728698335588,4.47599219384877,False,egoista,32.0728698335588,4.587187165865762,0.0
1,16.91377028822899,4.230755883755876,False,egoista,16.91377028822899,7.1336068555378604,0.0
1,22.34315163269639,4.804384480972354,True,egoista,22.34315163269639,8.169686521419777,2.0
1,20.79094034060836,2.905833654757462,False,neutral,20.79094034060836,8.738347058803347,1.0
1,29.092763498425484,2.8993371948577367,False,conservadora,29.092763498425484,1.559942898412688,4.0
1,32.90390984714031,2.220247704136125,False,egoista,32.90390984714031,11.567355904204387,0.0
1,26.476818069815636,3.4812002236669652,False,egoista,26.476818069815636,0.7193383105438608,1.0
2,32.509204392590995,1.8138676448352655,False,conservadora,32.509204392590995,27.64866121141088,0.5
1,37.20984596386552,3.36092023479221,False,neutral,37.20984596386552,5.89416518015776,1.0
1,21.193068850785494,2.734687375475417,True,conservadora,21.193068850785494,1.219309392265181,0.0
2,30.075920602162302,1.0459879106177656,False,conservadora,33.01942020654678,6.224417550200537,0.5
1,19.66277674585581,3.6051589817914387,False,neutral,19.66277674585581,3.3485687934625346,1.0
1,26.898271471261978,4.203227050784596,False,egoista,26.898271471261978,0.1418639158944369,2.0
1,32.51755691692233,1.7362978236986975,False,conservadora,32.51755691692233,0.40708864643683407,3.0
1,18.57752202451229,1.4533305277360586,False,conservadora,18.57752202451229,7.648207495593811,0.0
1,20.888026237487793,3.8856255189418207,False,neutral,20.888026237487793,0.13721403390890483,0.0
1,34.77547674253583,3.013594457266301,False,egoista,34.77547674253583,0.2957469899499367,0.0
1,22.09372628480196,2.162263123786053,False,conservadora,22.09372628480196,4.196980588768809,1.0
1,29.957006230950356,3.7660908116807494,False,egoista,29.957006230950356,4.3994345272652575,0.0
1,21.59000852704048,4.420082544607804,True,conservadora,21.59000852704048,5.534946404406205,2.0
3,31.447441961911153,2.0207746363832078,False,conservadora,35.27386148273945,19.02645937806835,1.3333333333333333
1,23.70660652220249,1.649956408686063,True,conservadora,23.70660652220249,0.9561397618600181,1.0
3,33.03858716200915,3.9839397616948187,True,conservadora,33.03858716200915,5.621421172942231,1.6666666666666667
1,31.08349410071969,4.885120873893268,False,neutral,31.08349410071969,5.227051046387108,2.0
2,12.11374078203718,3.214291967362423,False,neutral,12.11374078203718,10.29038621852456,1.0
1,26.854842230677605,2.39831576883366,False,conservadora,26.854842230677605,19.483259215939526,1.0
2,31.788004943071947,3.441976226464216,False,conservadora,31.788004943071947,7.859808253831056,0.5
1,29.610266026109457,4.767088476596069,False,conservadora,29.610266026109457,2.040164544603137,2.0
1,38.882584914565086,3.0907545883451846,False,neutral,38.882584914565086,1.555281846732038,1.0
1,14.83778489753604,2.076623306672916,False,egoista,14.83778489753604,1.2910143731525345,1.0
1,27.39057821035385,4.265369476079421,True,conservadora,27.39057821035385,3.122920067669648,1.0
1,20.60551766678691,2.0542688985983193,True,egoista,20.60551766678691,0.9545161364930148,0.0
1,29.97486974671483,1.5686416503530665,False,neutral,29.97486974671483,30.720305709980224,0.0
1,32.698685843497515,2.9721330205182737,True,neutral,32.698685843497515,0.4336596802554206,3.0
1,30.202996760606766,3.565156687179346,False,conservadora,30.202996760606766,2.063650163975989,1.0
1,27.840675216168165,3.1295193604785823,False,conservadora,27.840675216168165,0.5256162289785417,0.0
3,11.363585486528423,2.5293915339592794,False,conservadora,11.363585486528423,24.718460810879698,0.6666666666666666
1,24.12541539594531,5.029293046275759,False,egoista,24.12541539594531,1.374976187864357,1.0
1,40.54909694567323,2.6207526039438216,False,conservadora,40.54909694567323,0.8492457660931018,1.0
1,18.864790350198746,2.341729609129369,True,conservadora,18.864790350198746,8.394234415927277,1.0
1,32.57119094207883,4.6983893377331984,False,neutral,32.57119094207883,0.4307040101789089,1.0
1,20.655165299773216,3.8788896980160446,True,neutral,20.655165299773216,0.3477229336669999,1.0
1,34.892250414937735,2.3995388004874925,False,conservadora,34.892250414937735,9.846919129202316,0.0
1,25.731467820703983,2.774605930366988,True,conservadora,25.731467820703983,0.573610575229819,1.0
1,16.76212765276432,2.2557241433233672,True,egoista,16.76212765276432,7.964938271446428,1.0
1,14.202209066599607,4.08733352138913,True,conservadora,14.202209066599607,6.892526433286321,0.0
1,33.370389986783266,3.1483647967485027,False,neutral,33.370389986783266,11.860746335156858,0.0
1,32.80020238831639,1.806208817725522,False,conservadora,32.80020238831639,0.08237075634719745,1.0
1,26.460339542478323,2.719059510078219,True,egoista,26.460339542478323,0.013263724422938458,0.0
1,27.50161859765649,4.319562262874812,False,neutral,27.50161859765649,28.267963859078517,0.0
1,30.392366405576468,2.8315954527049545,False,egoista,30.392366405576468,1.9313368870044871,0.0
1,22.819828279316425,2.6298544852834222,False,conservadora,22.819828279316425,0.4353855159509226,0.0
2,22.928217580245118,3.097012603067742,True,neutral,25.873205367475748,8.873707897434386,1.5
1,18.45997677370906,4.063951784149975,False,neutral,18.45997677370906,2.261429021878512,1.0
1,26.49548827856779,3.6849143433260263,False,conservadora,26.49548827856779,0.7830338357165382,0.0
1,25.600143257528543,2.4432055153552454,False,egoista,25.600143257528543,3.4930211289239703,0.0
1,17.548925686627626,1.9842844776800288,False,egoista,17.548925686627626,2.1694614606409313,0.0
1,31.129270873963833,2.1273569684734053,False,egoista,31.129270873963833,13.482824476201543,1.0
1,18.36805958673358,3.4407401483044873,False,conservadora,18.36805958673358,9.093871577399135,3.0
1,32.65026576817036,3.0172313716002983,False,egoista,32.65026576817036,4.077993852433177,0.0
1,27.428719472140074,2.8272579295826326,False,conservadora,27.428719472140074,0.6668388954141878,0.0
1,23.362258039414883,4.128961542179856,False,conservadora,23.362258039414883,8.27094626250545,1.0
2,21.29083944108583,3.4853522975206466,False,conservadora,21.29083944108583,2.099756426040145,0.5
1,23.68358288705349,2.7480698088903734,False,conservadora,23.68358288705349,3.760152210508216,1.0
1,32.094467509537935,2.140679866100585,False,conservadora,32.094467509537935,4.184664953798198,1.0
1,33.82660588249564,3.1562416348685955,True,egoista,33.82660588249564,10.036242750285338,0.0
1,31.897356010973454,3.029056021598049,True,conservadora,31.897356010973454,13.840723245710796,1.0
1,32.469098165631294,4.3795726167166045,False,conservadora,32.469098165631294,1.3685778005173044,2.0
1,14.276695549488068,2.2072164371324288,True,conservadora,14.276695549488068,3.2340595141372828,1.0
1,9.305528396740556,4.141648418613038,False,egoista,9.305528396740556,2.52602956294235,0.0
1,24.714729119092226,2.8984440895159764,False,neutral,24.714729119092226,0.8078520236063158,1.0
1,19.491405431181192,2.9109430343840033,False,neutral,19.491405431181192,0.012558206999560659,1.0
1,18.677803624421358,3.0380413862363214,False,neutral,18.677803624421358,4.914116990991356,0.0
4,7.472090532063901,3.667188969377615,False,neutral,9.524981750175357,21.762195034003295,0.75
1,30.289409466087818,3.3776374734724817,False,neutral,30.289409466087818,0.6761619526967929,2.0
1,20.711093239486217,3.507095938907172,False,egoista,20.711093239486217,0.21494159946637267,1.0
1,18.405885253101587,5.588532737684465,False,egoista,18.405885253101587,5.561327420960393,2.0
1,24.292034920305014,2.9854091869063772,True,conservadora,24.292034920305014,11.681454217671817,0.0
1,14.301760077476501,3.268047617286868,False,neutral,14.301760077476501,0.06784561897707166,0.0
1,26.34985001757741,2.975213599349833,True,neutral,26.34985001757741,0.3994841392879511,0.0
1,22.530285384505987,2.617417084625362,False,egoista,22.530285384505987,0.599560071701934,1.0
1,25.81301949173212,5.671255607614578,True,conservadora,25.81301949173212,0.05322604286630933,1.0
1,28.180644407868385,4.239069488347173,False,neutral,28.180644407868385,2.005085604091556,2.0
1,35.86783616244793,2.29404091782737,False,neutral,35.86783616244793,9.616768319567203,0.0
1,5.0,2.870030393096989,False,neutral,5.0,5.468580582645876,1.0
1,32.595091093331575,3.306102357732044,True,neutral,32.595091093331575,1.0137836483304699,1.0
1,29.02639066055417,2.9220639479716612,True,egoista,29.02639066055417,0.9666852319728646,1.0
1,20.180609963834286,2.673024666739283,False,neutral,20.180609963834286,20.935770498504336,2.0
2,23.29700347219152,2.8336125973462813,False,egoista,23.482828572392464,5.59982476160096,0.5
1,21.43856158107519,2.687203259269415,False,conservadora,21.43856158107519,5.60782489407359,1.0
1,14.876808527857065,3.1476595836154186,False,egoista,14.876808527857065,0.44738753481238974,6.0
1,26.484151240438223,3.707471802596382,False,conservadora,26.484151240438223,10.452276488784285,1.0
1,27.40677025169134,2.886931035729173,True,conservadora,27.40677025169134,1.3219592731713192,0.0
1,30.086356088519096,2.275520409046457,True,egoista,30.086356088519096,1.451439798842349,0.0
1,18.267734814435244,1.572119637211017,False,neutral,18.267734814435244,2.165946244635981,1.0
1,19.93024956807494,5.256555947004968,True,conservadora,19.93024956807494,0.43916389132823497,2.0
3,41.36604467976725,3.848250722944153,False,egoista,41.36604467976725,10.882386734559597,0.6666666666666666
1,21.765423253178596,2.183659586037276,False,egoista,21.765423253178596,6.391378762664405,2.0
1,17.50213435664773,3.8197236005781265,False,neutral,17.50213435664773,0.42238401380706325,1.0
1,30.577352806925774,2.4797009676655994,True,neutral,30.577352806925774,5.432280573619288,1.0
2,24.06450612678907,1.6833892803288462,True,neutral,26.476311825215816,0.31912222923211814,1.0
2,22.397443076705606,2.8017789362851575,True,conservadora,24.105342522263527,1.2578848370673221,0.5
3,12.493766662016885,3.692647696422934,False,conservadora,12.493766662016885,18.610591985042248,1.0
1,26.019943203777075,3.8750494319576365,True,conservadora,26.019943203777075,5.250910887000768,1.0
1,27.986302126199007,2.1136984059690027,False,egoista,27.986302126199007,10.981481348216816,1.0
1,25.41085683181882,3.555295087629047,False,neutral,25.41085683181882,1.2996918216817772,2.0
2,30.301290227081736,3.701296433058528,False,neutral,30.301290227081736,5.2542775669103605,1.0
1,32.50849884003401,2.168529902691961,False,conservadora,32.50849884003401,5.664401879475874,1.0
1,31.90542498603463,3.1725998347574094,True,egoista,31.90542498603463,2.650051315444306,3.0
1,18.536605585366488,2.6335159671005135,False,conservadora,18.536605585366488,9.624938969260347,0.0
1,28.752834416925907,2.2377938514476843,False,conservadora,28.752834416925907,3.7006290197483493,0.0
2,25.56024013497405,3.7149737336376285,False,conservadora,27.419114850461483,11.522469293001688,0.0
1,12.123193141072989,1.6693509514383584,False,conservadora,12.123193141072989,0.3124948829843141,0.0
1,18.59438329935074,3.525868172373454,False,egoista,18.59438329935074,3.0670589206982357,2.0
1,38.61522734537721,5.05311039479999,False,neutral,38.61522734537721,1.6487947630222894,0.0
1,28.657403845340014,2.7493330036155172,False,egoista,28.657403845340014,23.024164542018205,3.0
1,26.017679654061794,2.7452437277058377,True,conservadora,26.017679654061794,13.855383538039543,0.0
1,26.79769130423665,3.5525368217818123,False,conservadora,26.79769130423665,2.8673773381256793,3.0
1,36.45237425714731,1.5025718499939775,False,conservadora,36.45237425714731,1.127788778680912,2.0
1,23.32228409126401,3.537809274817831,True,conservadora,23.32228409126401,4.728447302099609,0.0
1,29.89487361907959,2.6361772505111647,False,conservadora,29.89487361907959,3.9140356237300784,1.0
1,18.600939378142357,1.4923455038157023,True,conservadora,18.600939378142357,3.9732470103626087,1.0
1,28.54413027688861,3.924759983842711,False,conservadora,28.54413027688861,12.528781906615695,0.0
1,20.35203306376934,2.7320782404672452,False,egoista,20.35203306376934,6.139546587541358,0.0
1,41.02743773534894,3.2460134181709286,False,conservadora,41.02743773534894,3.1272947597326124,1.0
3,14.04602428173817,2.114565033305661,True,egoista,15.93370994925499,25.942531355080064,1.6666666666666667
1,24.499591141939163,2.098795823489388,False,conservadora,24.499591141939163,1.000286331916114,0.0
2,37.68670425494007,2.684877154260742,True,neutral,37.68670425494007,5.559542746189321,1.0
1,30.113401401787996,1.3987124880862731,False,egoista,30.113401401787996,1.3346892045369574,0.0
1,19.506696440279484,2.713172534983803,False,conservadora,19.506696440279484,5.325941020222353,0.0
1,12.798502564430237,2.364864323548292,False,neutral,12.798502564430237,9.88457124751549,0.0
1,22.08158178627491,2.9179151274673245,False,conservadora,22.08158178627491,0.5826644666836123,2.0
1,27.864459969103336,2.3711349511419924,False,neutral,27.864459969103336,0.8786088029541167,0.0
1,30.274672843515873,4.2238636524537165,False,neutral,30.274672843515873,0.3185028079741245,1.0
3,25.927970572997676,3.9796201407296303,False,neutral,25.927970572997676,14.042781116383939,1.3333333333333333
1,29.022448878735304,0.7026703674666117,False,conservadora,29.022448878735304,0.406951386914446,0.0
1,22.967045586556196,3.9740637645010652,False,conservadora,22.967045586556196,0.5162995339703382,1.0
1,20.518212717026472,3.87001901602188,True,conservadora,20.518212717026472,3.2488274256519456,0.0
1,25.00596884638071,3.6970086892465295,True,egoista,25.00596884638071,4.966323167356635,3.0
2,35.26343509228229,5.473295066152602,True,egoista,35.26343509228229,10.098803739100452,0.5
1,20.344966121017933,5.768958751259271,False,conservadora,20.344966121017933,0.7416814774789261,0.0
3,11.434977863287846,3.971150490167146,True,conservadora,11.910868246108294,4.016468316918899,1.0
1,43.57932037487626,2.140609777636426,False,egoista,43.57932037487626,3.0030742580825636,1.0
3,26.664256998084504,3.729482213336494,True,conservadora,26.664256998084504,11.896022118526174,0.6666666666666666
1,20.66185775399208,3.547616991160735,False,neutral,20.66185775399208,8.881709691275795,0.0
1,32.88961133360863,2.775627154172574,False,conservadora,32.88961133360863,1.120022809956992,1.0
1,42.90745558962226,2.6005185972167624,False,egoista,42.90745558962226,0.6992769610688695,2.0
4,16.221296278301754,4.236390067540481,True,conservadora,22.22841940447688,16.034570570219355,0.25
1,20.856149457395077,3.6349000791394044,False,egoista,20.856149457395077,12.782914578400483,1.0
2,19.034094114979514,4.34159922719195,False,neutral,19.034094114979514,13.760753930030326,0.5
1,23.75759895145893,4.026577475531351,False,egoista,23.75759895145893,1.9326962325735537,0.0
1,21.71236201375723,3.162156725978194,False,egoista,21.71236201375723,0.6840336871734027,1.0
1,8.839082285761833,3.0138286849107017,True,conservadora,8.839082285761833,35.133585104488645,1.0
1,15.666564356535673,3.4432223871413687,False,neutral,15.666564356535673,5.707242266325353,1.0
1,14.852019593119621,4.492844379234464,False,conservadora,14.852019593119621,1.030398995558981,0.0
1,21.903219990432262,2.547421713258019,False,conservadora,21.903219990432262,0.0625258929558473,3.0
1,40.81776828691363,4.622678383953971,False,conservadora,40.81776828691363,1.9900372082441067,3.0
1,31.12181816250086,3.4869521284309077,False,conservadora,31.12181816250086,7.4272114439715375,0.0
1,28.981311351060867,2.9568226380378335,False,conservadora,28.981311351060867,5.665980559855389,1.0
1,27.977669432759285,4.2693445658754605,True,conservadora,27.977669432759285,2.5025233904361155,0.0
3,15.929134903207492,3.5212410397138942,False,conservadora,15.929134903207492,30.419898393944713,0.6666666666666666
1,26.3589652068913,4.6021020905011385,True,egoista,26.3589652068913,2.8164581021127972,0.0
2,23.161145471994647,4.53043111273824,False,egoista,23.161145471994647,11.943234265568151,0.5
1,37.125862173736095,2.840593957237617,False,conservadora,37.125862173736095,24.97759945980559,1.0
1,25.267051056027412,3.7590027807570854,False,egoista,25.267051056027412,11.234505602043182,0.0
1,17.165656868368387,1.94867578414692,True,conservadora,17.165656868368387,5.436330683102858,2.0
1,28.86673267185688,2.849532420309769,False,egoista,28.86673267185688,9.141180783725247,1.0
1,23.800325818359852,2.157615940622264,False,neutral,23.800325818359852,19.4109670320209,2.0
2,28.960759191214677,3.5176002972703184,True,neutral,30.81910079345107,17.53043048538638,1.0
1,13.340888272970915,3.5306505612979118,True,egoista,13.340888272970915,1.0338837465818798,0.0
1,24.167800784111023,2.7969552937073443,False,conservadora,24.167800784111023,8.513929242391747,0.0
4,10.908922544613631,3.7955077064851475,False,conservadora,10.908922544613631,24.61828740252943,2.0
1,30.853406250476837,3.7770048210691116,True,conservadora,30.853406250476837,15.197306970679763,1.0
1,21.23150173202157,2.97136728980047,False,conservadora,21.23150173202157,5.860609070679187,0.0
1,29.861144293099642,4.129755417313104,False,egoista,29.861144293099642,1.8212224570721387,0.0
2,21.205258083549307,3.765537001170136,False,neutral,21.205258083549307,17.439574577915455,0.0
3,8.365483586207658,2.1137257980841007,False,egoista,9.260842769612808,18.961377581427506,1.3333333333333333
2,27.826075679267564,4.314589391124747,False,conservadora,27.826075679267564,0.49070889927278605,1.0
2,21.655428131816656,3.022152367221837,False,conservadora,22.79135348275304,2.406242643034912,1.0
1,18.879641219973564,2.725054561846752,False,egoista,18.879641219973564,5.7388533588684565,0.0
1,28.14818374440074,2.1390875026821625,False,egoista,28.14818374440074,12.98188522663253,1.0
1,31.76222338527441,2.659035937277756,False,conservadora,31.76222338527441,7.101713455125696,0.0
1,29.667435184121132,4.151212813403626,True,conservadora,29.667435184121132,0.5164675599267833,0.0
1,17.537777058780193,4.223116156542769,True,neutral,17.537777058780193,20.03557208466789,2.0
1,30.747324232012033,3.274825999504994,False,conservadora,30.747324232012033,0.0006883497112201896,4.0
1,23.591939207166433,2.851396655273194,False,conservadora,23.591939207166433,1.6880488389965227,0.0
1,9.707481164485216,3.945717282813872,False,neutral,9.707481164485216,1.826520393003959,1.0
1,26.793951153755188,2.395583025998822,False,conservadora,26.793951153755188,3.850492457059975,1.0
1,35.73930436745286,3.6078710833925585,False,neutral,35.73930436745286,3.463248285618109,0.0
1,27.329298920929432,2.6784953324491427,False,neutral,27.329298920929432,3.5988304862709177,0.0
1,22.53519205749035,3.510570190930229,False,conservadora,22.53519205749035,0.21237059070206954,0.0
4,17.644745812906343,2.941512825662809,False,egoista,21.293900303105744,22.74239388185468,0.25
1,23.718772646039724,5.301540014420674,False,conservadora,23.718772646039724,4.325584212261311,1.0
1,41.810180470347404,1.9250051822726455,True,egoista,41.810180470347404,0.3635479513140111,1.0
1,36.938598435372114,2.4890610730089096,False,conservadora,36.938598435372114,1.172731078358336,1.0
1,20.420796427875757,1.1393547108999353,False,neutral,20.420796427875757,6.1351464522186046,0.0
1,31.882902525365353,4.290182960644032,False,neutral,31.882902525365353,3.9892449893574975,0.0
1,15.403830643743277,3.16479702989245,False,egoista,15.403830643743277,1.4986701136298397,0.0
2,23.247870456070416,5.877501050100446,True,egoista,26.79462667554617,26.12591518531255,1.5
1,24.06374514847994,4.491586337915429,True,egoista,24.06374514847994,7.306025078825674,1.0
2,27.57244084779552,3.9554061117505355,False,neutral,27.57244084779552,4.023523057422979,0.5
1,28.250498849898577,2.3467740275538995,True,egoista,28.250498849898577,0.010758770777226392,0.0
2,16.808097999945705,3.6931893058840473,False,neutral,19.155918288975954,6.697856919493827,2.5
1,17.027928929775953,3.78395211305633,True,egoista,17.027928929775953,6.188716991124872,0.0
2,22.5163681564987,4.285246939536112,False,neutral,25.685549926012754,23.118644541278037,0.5
1,25.70101385563612,4.701437431842426,False,neutral,25.70101385563612,9.804121485605958,1.0
1,27.794883135706186,3.9502339363421677,False,egoista,27.794883135706186,1.3699722160005856,2.0
1,33.65780916064978,2.2539950614627786,False,conservadora,33.65780916064978,1.0438808569010285,0.0
1,29.164213180541992,3.3869820675923346,False,conservadora,29.164213180541992,13.082058463436761,0.0
2,9.437269606748334,2.948200414605673,False,conservadora,9.437269606748334,12.190276349305277,0.5
1,25.747316550463438,3.044608887898896,False,egoista,25.747316550463438,0.696792490564973,1.0
2,16.494976963431395,2.1019593827340928,False,neutral,21.902480848133564,9.279126138909351,0.0
1,27.140064910054207,1.7327492984066408,False,conservadora,27.140064910054207,0.45840212941596026,2.0
1,26.23256078734994,2.4798147825069488,False,egoista,26.23256078734994,0.19051862421767596,0.0
1,23.710592608898878,2.2878140376728515,False,neutral,23.710592608898878,0.6702879554939286,0.0
1,33.866542275995016,2.044059306668103,False,conservadora,33.866542275995016,2.2853376139146273,2.0
1,37.695305932313204,4.3888761656584485,False,conservadora,37.695305932313204,0.4873063189661719,0.0
1,31.361497338861227,2.8604362050058896,True,neutral,31.361497338861227,2.454902650277676,0.0
1,34.723060104995966,2.983290198727075,True,conservadora,34.723060104995966,1.6537213943980575,1.0
1,36.0800972096622,1.6827722002261083,True,egoista,36.0800972096622,3.281763190594802,0.0
2,21.672430097051873,2.9371222997549924,True,conservadora,21.672430097051873,2.794301901156196,0.5
2,22.265682306367534,3.0159084893712746,False,conservadora,26.33028296381235,13.90315673036097,1.0
2,27.925430123510708,2.3730149405182783,False,neutral,27.925430123510708,9.105773495320134,1.0
3,13.8044879215621,3.163251819754107,False,conservadora,15.287488758563995,14.080639140455986,1.0
1,23.49014448747039,2.859261128213114,False,egoista,23.49014448747039,0.4462717892999776,1.0
1,38.315110851079226,2.996959708570097,False,neutral,38.315110851079226,0.3514608625867213,4.0
2,20.95349688069127,2.4692690617403064,False,neutral,24.212874818593264,1.6533493807099715,0.5
1,18.95451956242323,3.9589695738181394,True,conservadora,18.95451956242323,10.048572442042333,1.0
1,24.147277738898993,5.221793224314753,False,conservadora,24.147277738898993,4.836715214050735,2.0
2,15.471580859867448,4.436314149522347,False,conservadora,16.2117769010365,12.784722486627702,0.5
2,12.58154167069964,4.293081975182173,False,conservadora,15.188628483563662,4.50856444196434,1.0
2,26.845193245694276,1.8861247276677406,False,conservadora,26.845193245694276,10.70749106180116,1.5
1,32.53033837303519,1.6710202030851211,False,conservadora,32.53033837303519,0.6756979958405703,2.0
1,36.47916994616389,2.361017628847657,False,conservadora,36.47916994616389,0.6995355241812932,0.0
2,22.789364686975908,2.8369236577493386,False,egoista,22.789364686975908,4.184818890878627,1.0
1,18.619826320558786,2.8608722625893477,False,conservadora,18.619826320558786,5.262242623769782,1.0
1,26.760420601814985,2.867802392882762,False,conservadora,26.760420601814985,9.910443026206217,0.0
1,36.178166061639786,2.959676237068993,False,egoista,36.178166061639786,4.63207528606296,1.0
1,14.809483956545591,3.9037492504582048,False,neutral,14.809483956545591,5.483924323620764,0.0
1,26.134702313691378,3.5381417408778857,False,conservadora,26.134702313691378,10.53819355593352,1.0
1,20.655772015452385,2.177480245447038,False,egoista,20.655772015452385,2.571468769958233,1.0
2,21.364507666734845,3.6440840453607852,True,conservadora,21.364507666734845,11.71337405859165,1.5
1,25.15042533352971,1.9511605311592852,False,neutral,25.15042533352971,5.524526944409395,0.0
1,28.138368029147387,2.4177257982032345,False,egoista,28.138368029147387,2.46061198132811,2.0
2,14.641108517441683,2.3771929802128344,True,neutral,14.641108517441683,29.0994501091953,0.0
1,20.034295566380024,4.753356070981651,False,conservadora,20.034295566380024,1.1839829521718894,0.0
1,22.223011802881956,4.206143378659823,True,neutral,22.223011802881956,0.3283774571190842,1.0
1,23.425475034862757,3.558352797038049,False,neutral,23.425475034862757,1.9353155494698047,1.0
1,29.784166738390923,3.410672521988342,False,egoista,29.784166738390923,4.05898541346406,0.0
1,31.88460600376129,2.2070382568546196,False,egoista,31.88460600376129,5.995300311102205,0.0
1,25.69314930215478,3.219150064746903,False,conservadora,25.69314930215478,11.166527099615653,2.0
1,19.506005384027958,3.5536973666602756,False,neutral,19.506005384027958,1.1648767629762449,0.0
1,22.41276352480054,2.1973091007549543,False,conservadora,22.41276352480054,10.86962915643745,0.0
1,38.360595524311066,2.7682315652327896,False,neutral,38.360595524311066,0.1530227146340865,0.0
1,27.823552552610636,4.839881465519238,True,conservadora,27.823552552610636,1.6150363128929381,2.0
1,21.15116272121668,2.841354821337125,False,conservadora,21.15116272121668,15.306239829213384,0.0
1,30.862595200538635,3.782354725084135,False,egoista,30.862595200538635,0.07639064226633102,1.0
1,20.713105615228415,2.129553898238817,True,egoista,20.713105615228415,7.402873092640947,2.0
1,25.834454394876957,0.9370539772704882,False,egoista,25.834454394876957,3.0324013489244384,0.0
2,21.19228413847063,3.5583683595146764,True,conservadora,25.40852551534772,2.3131792457932114,1.5
1,25.486110132187605,2.5752149495647276,True,neutral,25.486110132187605,1.0235602945444897,1.0
2,20.47178383158525,5.477496173950017,False,conservadora,20.47178383158525,22.435737377692178,1.0
1,33.32679520919919,1.5096165238617019,False,neutral,33.32679520919919,0.0600113041110926,1.0
1,22.841234989464283,3.956008412895876,False,egoista,22.841234989464283,13.487156140488375,0.0
1,24.623607959598303,2.8282943923770665,False,neutral,24.623607959598303,1.9244917058000737,0.0
1,27.63154386356473,4.607532452179062,True,conservadora,27.63154386356473,7.308137397312883,0.0
2,29.351650749213714,1.6118243858521024,True,egoista,29.939769439399242,3.723843296911596,0.5
1,25.586617335677147,2.08153431154268,False,conservadora,25.586617335677147,4.764370206699461,0.0
1,37.12392299994826,1.404773976890391,False,conservadora,37.12392299994826,5.783381292660627,1.0
1,30.278742995113134,3.3416586874735446,False,conservadora,30.278742995113134,0.5139860650645549,0.0
1,37.59971623495221,4.525758694169622,False,egoista,37.59971623495221,2.2685931885407444,0.0
1,24.5929185859859,3.9926752745430667,False,neutral,24.5929185859859,0.1677428383793211,1.0
3,23.4910042668091,4.527195924243853,False,neutral,24.232071060446813,12.773169399670326,0.3333333333333333
1,23.489078387618065,1.5104716392193898,False,neutral,23.489078387618065,16.54244633766074,1.0
4,25.429869450549255,3.9152256822949028,False,egoista,27.319533863520263,21.196599560411876,1.5
1,26.41850160062313,4.501430565704693,False,neutral,26.41850160062313,1.5381649473480261,2.0
2,39.538781494599284,2.193871313413346,False,conservadora,39.538781494599284,7.8543172140631885,1.0
2,24.35229838456794,4.5865832554870645,True,neutral,27.58841822296381,21.31860162528352,0.5
1,20.410440262407064,2.459970957063936,False,conservadora,20.410440262407064,0.31347054290509113,0.0
1,25.280569095164537,3.204886535981139,False,egoista,25.280569095164537,2.393074030160019,0.0
1,26.76248786225915,2.755414897813215,True,neutral,26.76248786225915,0.36658767028615713,2.0
2,39.173675584887654,3.1258488442327117,False,conservadora,39.69140403717756,4.723516846819096,0.5
2,6.98000664230743,4.072548386848437,True,conservadora,6.98000664230743,6.387269799476069,1.5
1,27.06341103464365,4.213022369054132,False,neutral,27.06341103464365,0.07954225295874184,0.0
1,25.64016132801771,3.747997085531756,True,egoista,25.64016132801771,7.12057634306224,2.0
1,29.589620269834995,1.9120999424952985,False,conservadora,29.589620269834995,11.806327839002131,2.0
1,33.03718280419707,1.3128048772252012,False,egoista,33.03718280419707,9.78252446021701,0.0
1,29.209465567022562,2.2995856118848668,True,egoista,29.209465567022562,1.5134418986713467,1.0
2,23.41817219798553,4.616356400934295,False,neutral,25.00203960388899,20.74726348394129,0.5
1,31.429333858191967,4.298444213697544,False,egoista,31.429333858191967,1.9247654106604823,1.0
1,44.27290390431881,3.680121496000204,False,egoista,44.27290390431881,0.4024256329928346,1.0
1,24.552043579518795,2.661361908294121,True,egoista,24.552043579518795,0.658287647616102,2.0
1,34.03390268608928,4.098123124233227,False,egoista,34.03390268608928,2.689763731949182,1.0
4,15.005918955242336,4.998583986912868,False,conservadora,15.005918955242336,40.85505739722018,1.0
1,31.180466566234827,3.3474015238792445,True,egoista,31.180466566234827,10.0825825812577,2.0
1,26.43169028684497,2.3706562363353285,False,egoista,26.43169028684497,3.3820155570550763,2.0
1,26.287343706935644,2.455252791910633,True,neutral,26.287343706935644,0.5280596439815066,0.0
2,8.003100790768265,2.866543153301919,False,conservadora,8.003100790768265,17.099603387965704,0.0
1,33.6761881262064,4.519359475256347,False,conservadora,33.6761881262064,0.08759332013338389,0.0
1,26.786734879016876,2.8958225714598353,False,conservadora,26.786734879016876,1.4509503518697306,0.0
1,29.711204666644335,2.5268412832226734,True,egoista,29.711204666644335,4.201809301695094,1.0
1,37.36035005003214,0.6256051187202503,False,conservadora,37.36035005003214,9.640912050993098,1.0
1,30.231280617415905,1.2364441234572883,False,conservadora,30.231280617415905,1.9477281642269777,0.0
1,32.1443776153028,3.650699049406729,True,conservadora,32.1443776153028,7.709613656995468,3.0
1,29.817562270909548,3.121178685401378,False,egoista,29.817562270909548,10.844984900414019,0.0
2,17.559806866816576,5.987959434883316,False,neutral,20.32526121288538,12.952017685013603,1.0
1,20.251855194568634,3.420215599776965,True,conservadora,20.251855194568634,1.6409829108335934,0.0
1,22.1360514909029,3.9616172114340524,False,conservadora,22.1360514909029,0.8774476622677746,0.0
1,24.725800406187773,4.100272291340224,True,egoista,24.725800406187773,1.6892289687907314,1.0
2,19.9412710086193,1.9535093087396787,False,conservadora,20.783308751881123,32.50224428245619,0.0
1,13.075669005513191,1.7899133341363482,False,conservadora,13.075669005513191,12.68529131050597,0.0
1,33.779874976724386,2.152223415312749,False,conservadora,33.779874976724386,0.7072794779195034,1.0
5,15.426199966825424,3.0582908735059395,False,conservadora,16.364052912215918,10.123830975163136,0.4
3,23.669736744701318,6.084826193674219,True,egoista,30.785213850438595,6.238682812926328,0.6666666666666666
1,26.986926466226578,3.2541821568734273,False,conservadora,26.986926466226578,11.867707513693935,1.0
1,13.655418176203966,4.43286463185572,False,neutral,13.655418176203966,6.751873796276794,0.0
2,20.80062700757758,4.525875882361808,False,conservadora,20.80062700757758,18.88904249832845,1.5
2,20.058156296551793,2.995669754429913,False,neutral,20.816041469573975,19.42875176766249,0.0
1,27.060528852045536,3.171718614189974,False,egoista,27.060528852045536,12.559357448913108,1.0
1,39.99893141537905,3.931602287894623,True,neutral,39.99893141537905,1.4380531443709226,1.0
3,10.496954953513258,3.1771890240999,False,conservadora,14.708358880132437,8.646303843264581,1.6666666666666667
1,26.919472068548203,2.1909337615295574,False,egoista,26.919472068548203,0.2583795618993145,1.0
1,16.61983548477292,3.442736695602391,False,conservadora,16.61983548477292,8.857674653476508,1.0
1,34.32735209912062,3.1355323623749243,False,egoista,34.32735209912062,0.04628261073109069,2.0
2,36.693569987073076,3.1864558475932343,True,neutral,37.896182496100664,4.945684805029167,1.0
1,26.457751728594303,4.375014950288166,False,conservadora,26.457751728594303,2.155939307644259,0.0
1,31.202523291110992,2.1273404565064356,False,conservadora,31.202523291110992,4.147687069423629,1.0
1,20.40916409343481,1.6914669310927695,False,conservadora,20.40916409343481,2.5073032168638902,1.0
1,35.79268251731992,3.4170479167495347,False,neutral,35.79268251731992,9.181725657207018,2.0
1,23.77998509258032,4.61135147128474,True,neutral,23.77998509258032,8.16878485628937,0.0
1,32.80789418518543,3.739265226698509,False,conservadora,32.80789418518543,3.2703497680520797,0.0
1,27.38046543672681,3.866147984525194,True,conservadora,27.38046543672681,6.47894932012845,1.0
1,19.297385789453983,2.3697124803567817,False,conservadora,19.297385789453983,1.9654218377308188,2.0
1,20.03460667654872,3.2698611703638956,True,neutral,20.03460667654872,0.6842498145825895,0.0
1,27.59193667024374,3.519816345157895,True,conservadora,27.59193667024374,6.5510427032055345,0.0
3,20.233237155491288,4.052034283564178,False,neutral,23.634235873240325,1.2903658672431455,0.3333333333333333
1,34.82793762162328,2.908469401722487,False,conservadora,34.82793762162328,0.09588156929624542,1.0
1,24.14113759994507,3.28534705752253,False,conservadora,24.14113759994507,2.4749891920481604,2.0
1,22.55185431241989,3.8998757719887576,True,egoista,22.55185431241989,0.3603116431894039,2.0
1,32.00070147961378,2.984537722871441,True,egoista,32.00070147961378,5.599450024465679,1.0
1,24.086898405104876,4.060028393847222,True,conservadora,24.086898405104876,1.122182456936475,1.0
1,29.281978119164705,3.3074102381731394,False,conservadora,29.281978119164705,28.57983435428489,0.0
1,27.288449496030807,3.3885718779588854,False,neutral,27.288449496030807,0.7630255130075086,1.0
1,19.463216349482536,3.9119969817871523,True,egoista,19.463216349482536,1.9066206100263388,1.0
1,38.98466269299388,2.639625142101888,False,conservadora,38.98466269299388,5.465988006824067,0.0
1,21.507696624845266,3.7699418667205085,False,egoista,21.507696624845266,0.40858782555767903,0.0
1,35.047235641628504,2.2039972660005707,True,egoista,35.047235641628504,10.068583044852911,1.0
1,36.08875920251012,2.7732236826303964,False,egoista,36.08875920251012,2.5357016897799736,0.0
1,37.207594498991966,3.034738419419154,False,conservadora,37.207594498991966,0.05466829924472749,0.0
1,27.88406490162015,2.9014671501697653,False,egoista,27.88406490162015,10.78658109009185,2.0
2,20.836831280966592,5.250379331498421,False,egoista,23.46404891088605,32.28007028476288,0.5
2,26.642197993749523,4.281400281643616,False,egoista,26.642197993749523,6.997233267707191,1.0
3,16.61737234743297,4.542533730481819,False,conservadora,16.85389285014603,15.134236373913033,0.6666666666666666
3,23.43849256897489,4.656010209164284,False,egoista,27.22045400738716,43.431202057093074,1.6666666666666667
1,26.465560629963875,3.315537366573728,False,conservadora,26.465560629963875,7.9784630971029715,1.0
1,18.446069341152906,2.9896607072043326,False,conservadora,18.446069341152906,3.447555548157773,1.0
1,28.962359964847565,2.166871706794467,False,egoista,28.962359964847565,3.6496913528944424,2.0
1,16.57793439179659,5.11532502953769,False,neutral,16.57793439179659,3.10635361027427,0.0
1,24.62028131633997,1.4443614976150074,False,egoista,24.62028131633997,3.0661499002810095,2.0
2,27.770151820589778,4.157428712386142,False,conservadora,27.770151820589778,0.8927527225032768,3.5
1,24.661616936326027,5.365458415894086,False,neutral,24.661616936326027,23.93250704068901,2.0
1,32.518264804035425,3.7163449473171126,False,egoista,32.518264804035425,0.5083301085012003,0.0
1,35.48237980902195,4.114898957265034,False,conservadora,35.48237980902195,0.29973671137299934,0.0
1,23.828152887523174,1.6775621991468082,False,conservadora,23.828152887523174,1.5413314112561498,3.0
1,23.18987252190709,3.6453407112342515,False,conservadora,23.18987252190709,15.207657806420233,2.0
2,7.905069624179186,1.9503909707213403,False,conservadora,8.31297161243856,18.767404588924254,0.0
2,16.330347530209664,2.962122915279548,True,neutral,16.527001220732927,19.81148906653391,0.5
1,23.95019745081663,2.3560703605504867,False,egoista,23.95019745081663,0.42360972539356556,0.0
3,24.20481038851503,3.0996563692969836,False,conservadora,24.7603410122121,16.16612677201142,1.0
1,30.41725006327033,3.476914989914838,True,conservadora,30.41725006327033,3.5847979246614807,2.0
2,30.19016388041065,3.589097583171289,True,conservadora,31.390330355614424,23.713384065903433,1.0
1,18.335963528603315,2.0543106065819057,False,conservadora,18.335963528603315,9.268041119109972,2.0
1,31.733876317739487,3.8193062745549327,False,conservadora,31.733876317739487,11.335176259512835,1.0
2,16.5286005569739,2.604430158012217,True,egoista,16.5286005569739,1.1719335960914685,0.5
1,20.99530228227377,2.9999176268035153,True,conservadora,20.99530228227377,8.87299012421372,0.0
1,37.594322565943,1.988946205745449,False,conservadora,37.594322565943,26.293361676501366,3.0
1,18.82566573470831,2.6757982243939633,False,conservadora,18.82566573470831,12.478218319068768,1.0
1,25.44880685955286,1.8890740211826613,True,conservadora,25.44880685955286,0.2640768221930971,0.0
1,22.177557658404112,2.8307320771239186,False,neutral,22.177557658404112,0.03726882682786376,0.0
1,29.074091486632824,4.313755337905401,False,conservadora,29.074091486632824,6.649703760720679,1.0
1,25.69421812146902,3.7192884178462453,False,egoista,25.69421812146902,10.027580891063085,0.0
1,17.939804293215275,4.866820558865418,False,neutral,17.939804293215275,14.911398914476205,4.0
1,18.34531343728304,3.560632007631395,False,neutral,18.34531343728304,1.827908119518592,1.0
1,36.004708394408226,1.5427947913044635,False,egoista,36.004708394408226,3.764399007255945,1.0
1,38.57531811669469,2.894280094016881,False,conservadora,38.57531811669469,20.71342731268007,0.0
1,14.714797005057335,5.083523887103541,False,neutral,14.714797005057335,8.903473754913842,1.0
1,27.55911011621356,4.4424437917884845,False,egoista,27.55911011621356,8.43840537912678,0.0
2,29.6632870664947,4.5920996113635475,False,conservadora,29.6632870664947,2.6516560567649368,0.0
1,27.271235030144453,3.541055661744444,False,conservadora,27.271235030144453,3.276990959888411,1.0
1,33.09936906397343,2.182562729849373,False,egoista,33.09936906397343,12.324360292324553,0.0
1,39.27232941240072,2.8776962130986,False,neutral,39.27232941240072,1.5996455770905964,0.0
1,23.684077188372612,3.8452566960296046,False,neutral,23.684077188372612,2.5077776938220997,0.0
2,20.77538076102688,3.063040016092939,False,egoista,23.03628744184971,3.4571361348771656,0.0
2,18.882503533504316,2.9260129055660036,False,conservadora,19.155053321272135,10.949246754550728,1.0
1,28.496009558439255,2.70120890243031,True,egoista,28.496009558439255,4.35918714253717,0.0
2,27.49929732360324,2.938611415693681,False,conservadora,27.49929732360324,4.179716523787492,1.5
1,24.76273089647293,1.652075794450465,False,conservadora,24.76273089647293,3.3176560269621547,1.0
1,22.64426091313362,4.945235939860993,False,egoista,22.64426091313362,2.465328030325323,0.0
1,16.113171357661486,0.8266475789599297,True,neutral,16.113171357661486,1.6348800789385887,1.0
1,25.467855386435986,2.787579747925674,True,conservadora,25.467855386435986,2.125926410601047,0.0
3,27.22794090743398,4.190746088970502,False,egoista,27.22794090743398,12.673353707606964,0.6666666666666666
1,23.09721341356635,2.998849556585935,False,conservadora,23.09721341356635,12.486573100892839,2.0
1,34.20597480610013,4.431982069179144,False,conservadora,34.20597480610013,16.073369633731748,0.0
1,18.488846100866795,3.0865632236918508,False,conservadora,18.488846100866795,6.969947714664857,1.0
1,22.67424465715885,2.8007604391355136,False,egoista,22.67424465715885,0.1493330877187037,2.0
1,18.878401331603527,3.473869245817271,False,egoista,18.878401331603527,3.427049009784747,0.0
1,24.481982674449682,2.5987942175959717,False,conservadora,24.481982674449682,6.064107844425984,1.0
1,25.41083098575473,4.0792404850402795,False,egoista,25.41083098575473,5.4824088121253824,0.0
1,26.405959885567427,5.020435694473114,True,egoista,26.405959885567427,5.336857731639442,2.0
1,27.17099917307496,4.3484851442600085,False,conservadora,27.17099917307496,4.389064361197884,0.0
2,27.67792506846118,3.7185987815770782,False,egoista,27.67792506846118,11.94791628464761,0.5
2,26.178353964967936,3.7673649781209,False,egoista,28.96906079724431,10.082312332018754,1.5
1,24.216581739485264,4.775427296583295,False,conservadora,24.216581739485264,0.06171352528254173,1.0
1,24.8577072173357,3.449126866035762,False,conservadora,24.8577072173357,11.727971719573416,0.0
1,13.404360763728619,2.119120246041362,True,conservadora,13.404360763728619,7.703423510954737,0.0
1,24.96022705733776,1.7209513987932077,False,conservadora,24.96022705733776,0.9308504350493048,0.0
1,15.337629225105047,1.1508976000424238,False,egoista,15.337629225105047,15.828422437566763,1.0
1,11.813327226787806,2.04174802398777,True,egoista,11.813327226787806,5.843612848917314,1.0
1,29.872401051223278,2.9070113518346217,False,conservadora,29.872401051223278,1.9093706767301797,0.0
2,30.905459616213125,4.151393875003226,True,egoista,30.905459616213125,1.8700208619132836,1.0
1,24.524606965482235,2.102053974297643,False,egoista,24.524606965482235,0.6369130934065539,3.0
1,11.47859507612884,2.193860969320708,False,egoista,11.47859507612884,0.1332079462962423,1.0
2,27.896150880562796,2.223294474900054,False,conservadora,27.896150880562796,18.128988336769577,1.5
1,34.509685058146715,2.900242621097984,False,egoista,34.509685058146715,0.0308646979583289,1.0
1,26.75923341885209,2.881169738322584,False,neutral,26.75923341885209,0.6251689706090583,1.0
1,23.551737129688263,3.0518309277518147,False,neutral,23.551737129688263,5.835608705092558,1.0
1,32.739722326397896,3.896394817600035,False,egoista,32.739722326397896,0.262581157640634,2.0
1,22.876780286431313,2.672597223743531,False,neutral,22.876780286431313,0.24326741059011328,1.0
1,23.409238796681166,2.1825441894311943,False,neutral,23.409238796681166,5.399236900186438,2.0
2,26.484908973190823,3.134702470837886,False,egoista,26.484908973190823,4.521464906047354,0.5
1,31.251810912042856,1.7402164895660255,False,egoista,31.251810912042856,7.50169880562379,2.0
2,20.946521847433928,2.4484265097535043,True,conservadora,20.946521847433928,3.6941539864416493,1.0
2,20.845784492753797,4.399278269917401,False,conservadora,20.845784492753797,7.69163561257076,0.5
1,31.656924828886986,3.79766233291997,False,neutral,31.656924828886986,0.8750232051232648,2.0
1,27.8009935580194,2.2299366463579613,False,egoista,27.8009935580194,1.149181066572138,1.0
1,35.98787822946906,2.8285244882955727,False,neutral,35.98787822946906,3.2417121279554943,0.0
2,29.969894911373675,3.3005077918919787,True,conservadora,29.969894911373675,12.922517215614672,1.0
1,17.37424710020423,3.696268155453315,False,neutral,17.37424710020423,1.916140409693582,1.0
1,31.461605947464705,2.085936888269635,False,neutral,31.461605947464705,1.959433560682543,1.0
1,28.35068518295884,3.335132690807887,False,conservadora,28.35068518295884,13.497802768974692,2.0
1,13.812010150402784,3.177395922414318,True,egoista,13.812010150402784,0.2055147736245347,2.0
2,17.34123678543063,3.2858443363720626,False,conservadora,17.34123678543063,15.136740188740658,1.0
1,10.685447413474321,3.2773719208038363,True,conservadora,10.685447413474321,9.547138012714235,3.0
1,23.782860103994608,3.306474754044132,False,egoista,23.782860103994608,5.905788975728395,1.0
2,19.948876757179537,4.307174276753891,False,conservadora,21.640938002616167,5.168283013080517,1.0
1,15.483246870338917,3.3137379304733243,False,conservadora,15.483246870338917,3.8323179247008308,2.0
1,28.861364915966988,2.3779180586140534,False,neutral,28.861364915966988,2.5211066492049423,0.0
2,23.450537453231277,3.3089538657103885,False,conservadora,23.450537453231277,7.927659752592583,0.0
3,29.21222706197232,3.303116924308348,False,conservadora,31.15029262751341,26.688929276317324,0.3333333333333333
1,29.456361837685108,0.9623621202786032,False,egoista,29.456361837685108,5.5194093283238415,0.0
1,33.70085760578513,3.472799403299984,False,neutral,33.70085760578513,6.912352002756269,1.0
1,26.617836344987154,2.1103334509562717,False,conservadora,26.617836344987154,10.459583085059661,0.0
1,10.61677247658372,4.597279330427779,True,conservadora,10.61677247658372,7.7760527161906685,1.0
1,34.54024165868759,2.768057047923207,False,neutral,34.54024165868759,1.367649695851515,0.0
1,18.05796628445387,2.405047356336999,False,conservadora,18.05796628445387,1.7775330012363524,3.0
3,33.20418838297699,2.675901148699444,False,conservadora,33.20418838297699,11.186857120598384,0.6666666666666666
1,31.731430009007454,3.2550112508711155,True,conservadora,31.731430009007454,3.4294878363030636,2.0
1,25.98458356782794,3.437588716033719,False,neutral,25.98458356782794,0.5850257668463588,1.0
2,31.223867797795698,3.326319260443804,True,conservadora,31.223867797795698,9.742895439214074,1.5
1,19.386080142110586,3.189270758110195,True,neutral,19.386080142110586,7.157999367265573,2.0
1,28.154560055583715,5.2516440585504585,False,egoista,28.154560055583715,4.839646628214948,1.0
1,17.664765793830156,3.634743073032279,False,conservadora,17.664765793830156,0.1871242241479779,1.0
1,13.529861889779568,4.634616559605886,False,conservadora,13.529861889779568,3.4707231699644656,1.0
1,34.15918851643801,2.641914106705387,False,conservadora,34.15918851643801,18.70879186441242,0.0
1,24.896098252385855,4.762649541753996,True,conservadora,24.896098252385855,5.091580170563437,0.0
1,30.5029710046947,1.8067815856889404,True,egoista,30.5029710046947,21.674797978519198,2.0
1,20.65039401501417,4.25780852177423,True,egoista,20.65039401501417,0.3916630453374886,0.0
1,18.186086505651474,3.412701939124652,False,conservadora,18.186086505651474,5.5496006172055505,0.0
1,23.68188075348735,3.5261681094075175,False,conservadora,23.68188075348735,23.5916975389592,2.0
1,38.98834826052189,2.056900262662313,True,conservadora,38.98834826052189,11.330382235398444,1.0
1,21.07867095991969,2.827489860333143,False,neutral,21.07867095991969,1.22875882488871,1.0
2,24.198073095921412,2.6301608589371686,True,conservadora,24.198073095921412,3.382071213538753,0.5
1,28.235056713223457,1.5313117202443687,True,neutral,28.235056713223457,3.1973568845570184,2.0
1,28.671093706041574,2.048265770260482,True,conservadora,28.671093706041574,1.0690496891049908,0.0
2,30.27038501066762,1.3537270788164264,True,egoista,30.27038501066762,24.36108707225563,0.0
2,28.000827747193817,4.423666272632749,True,conservadora,34.057561822235584,8.63052916945036,1.0
3,20.353766834812976,5.677917812489215,False,egoista,23.857693787664175,21.154505018501958,0.6666666666666666
1,23.200138077139854,1.8775918876869706,False,neutral,23.200138077139854,4.677634379041027,1.0
1,31.245351914316416,3.258610708079052,False,egoista,31.245351914316416,0.21840641426062318,2.0
1,28.79383609443903,3.861570030433781,False,neutral,28.79383609443903,11.459990229814757,0.0
1,28.976447325199842,2.1705375494071597,False,egoista,28.976447325199842,12.941332041408854,1.0
1,25.351348243653774,2.5109846163105605,True,conservadora,25.351348243653774,3.1380112812884473,0.0
2,25.03599821250038,2.93525341733936,False,conservadora,25.03599821250038,24.06275661878349,2.0
1,23.235203351825476,2.8039272380900155,False,conservadora,23.235203351825476,13.357134816681164,1.0
1,29.68694792687893,4.500550499771356,True,conservadora,29.68694792687893,12.231476954120101,0.0
1,18.86447224393487,2.819309719254688,True,egoista,18.86447224393487,0.33838221740201546,0.0
1,21.026958853006363,2.623264717109291,False,conservadora,21.026958853006363,0.24009198013185687,2.0
1,23.90768788382411,3.0528315587355896,False,egoista,23.90768788382411,1.9794625992897459,0.0
1,29.86753023788333,3.398306838237544,False,conservadora,29.86753023788333,1.007568694374227,0.0
1,26.97314005345106,3.5592070711209916,False,egoista,26.97314005345106,27.450180777880387,0.0
1,43.384918212890625,1.311027488296461,False,egoista,43.384918212890625,6.5486793439612345,2.0
1,30.66280412301421,2.187142322992859,True,conservadora,30.66280412301421,0.8234713707965088,2.0
1,16.257714714854956,3.913901850667915,True,conservadora,16.257714714854956,7.857680082783752,1.0
1,38.81204258278012,2.697419989955828,False,conservadora,38.81204258278012,0.690641819639892,3.0
1,32.688569229096174,0.8834327788809082,False,conservadora,32.688569229096174,1.4584645345094878,2.0
1,13.29995696246624,3.518711042370346,True,egoista,13.29995696246624,6.782422654814376,0.0
2,24.05695295842421,4.280866116292467,False,neutral,24.05695295842421,10.122251257158364,1.0
1,25.435487139970064,5.022954914930741,False,conservadora,25.435487139970064,0.7091229350139773,0.0
2,15.754841600762145,2.7820441549372323,False,conservadora,15.754841600762145,21.673287134370398,2.5
1,30.5520485304296,3.5089350864769444,False,conservadora,30.5520485304296,1.0442871361923545,1.0
2,33.647210128945,5.114859022816817,True,conservadora,33.647210128945,6.631409221074967,2.0
1,28.052872974425554,1.8027277267055133,False,conservadora,28.052872974425554,0.8793866156371613,0.0
3,22.811998808878485,3.266837872822375,True,conservadora,26.2080039344728,5.654286628324468,2.0
2,29.90319697575366,3.247448740766729,True,egoista,31.608859214931726,2.620653810873883,1.0
1,17.02339058369398,4.113951571583213,True,egoista,17.02339058369398,24.122060855539114,1.0
1,16.50446990504861,2.9449924615150183,False,neutral,16.50446990504861,7.6956185960359065,2.0
3,21.110879716905178,4.805131894184263,False,egoista,25.209372811770187,10.111207521117253,1.3333333333333333
1,44.562330428510904,4.004314238542645,False,egoista,44.562330428510904,4.139148714430932,0.0
1,18.306200969964266,2.445330436072201,False,conservadora,18.306200969964266,43.03708311024039,1.0
1,31.295491006225348,3.814477951159655,False,conservadora,31.295491006225348,4.7943524342536525,0.0
1,22.623469073325396,4.089634854418663,True,egoista,22.623469073325396,42.336059980459375,0.0
2,24.373975148974278,5.144113757717964,True,egoista,24.373975148974278,5.833737843460296,0.5
1,19.937300007790327,1.0702168427260568,True,conservadora,19.937300007790327,5.420773564700119,0.0
1,12.963029872626066,3.2942311442185925,True,egoista,12.963029872626066,1.350039757791918,1.0
